,Flow Duration,Bwd Packet Length Max,Bwd Packet Length Mean,Bwd Packet Length Std,Flow IAT Mean,Flow IAT Std,Flow IAT Max,Flow IAT Min,Fwd IAT Total,Fwd IAT Mean,Fwd IAT Std,Fwd IAT Max,Fwd IAT Min,Bwd IAT Mean,Bwd IAT Std,Bwd IAT Max,Bwd IAT Min,Fwd Header Length,Bwd Header Length,Bwd Packets/s,Packet Length Max,Packet Length Mean,Packet Length Std,Packet Length Variance,FIN Flag Count,PSH Flag Count,ACK Flag Count,Average Packet Size,Avg Bwd Segment Size,Init_Win_bytes_forward,min_seg_size_forward,Active Mean,Active Std,Active Max,Active Min,Idle Mean,Idle Std,Idle Max,Idle Min,Label
0,116467,0,0,0,116467,0,116467,116467,0,0,0,0,0,0,0,0,0,20,20,8,0,0,0,0,1,0,2,0,0,16,20,0,0,0,0,0,0,0,0,15
1,116076,0,0,0,116076,0,116076,116076,0,0,0,0,0,0,0,0,0,20,20,8,0,0,0,0,1,0,2,0,0,16,20,0,0,0,0,0,0,0,0,15
2,117397,0,0,0,117397,0,117397,117397,0,0,0,0,0,0,0,0,0,20,20,8,0,0,0,0,1,0,2,0,0,16,20,0,0,0,0,0,0,0,0,15
3,116039,0,0,0,116039,0,116039,116039,0,0,0,0,0,0,0,0,0,20,20,8,0,0,0,0,1,0,2,0,0,16,20,0,0,0,0,0,0,0,0,15
4,116587,0,0,0,116587,0,116587,116587,0,0,0,0,0,0,0,0,0,20,20,8,0,0,0,0,1,0,2,0,0,16,20,0,0,0,0,0,0,0,0,15
5,115575,0,0,0,115575,0,115575,115575,0,0,0,0,0,0,0,0,0,20,20,8,0,0,0,0,1,0,2,0,0,16,20,0,0,0,0,0,0,0,0,15
6,116125,0,0,0,116125,0,116125,116125,0,0,0,0,0,0,0,0,0,20,20,8,0,0,0,0,1,0,2,0,0,16,20,0,0,0,0,0,0,0,0,15
7,116234,0,0,0,116234,0,116234,116234,0,0,0,0,0,0,0,0,0,20,20,8,0,0,0,0,1,0,2,0,0,16,20,0,0,0,0,0,0,0,0,15
8,115549,0,0,0,115549,0,115549,115549,0,0,0,0,0,0,0,0,0,20,20,8,0,0,0,0,1,0,2,0,0,16,20,0,0,0,0,0,0,0,0,15
9,115946,0,0,0,115946,0,115946,115946,0,0,0,0,0,0,0,0,0,20,20,8,0,0,0,0,1,0,2,0,0,16,20,0,0,0,0,0,0,0,0,15
10,115800,0,0,0,115800,0,115800,115800,0,0,0,0,0,0,0,0,0,20,20,8,0,0,0,0,1,0,2,0,0,16,20,0,0,0,0,0,0,0,0,15
11,115852,0,0,0,115852,0,115852,115852,0,0,0,0,0,0,0,0,0,20,20,8,0,0,0,0,1,0,2,0,0,16,20,0,0,0,0,0,0,0,0,15
12,116421,0,0,0,116421,0,116421,116421,0,0,0,0,0,0,0,0,0,20,20,8,0,0,0,0,1,0,2,0,0,16,20,0,0,0,0,0,0,0,0,15
13,115948,0,0,0,115948,0,115948,115948,0,0,0,0,0,0,0,0,0,20,20,8,0,0,0,0,1,0,2,0,0,16,20,0,0,0,0,0,0,0,0,15
14,115734,0,0,0,115734,0,115734,115734,0,0,0,0,0,0,0,0,0,20,20,8,0,0,0,0,1,0,2,0,0,16,20,0,0,0,0,0,0,0,0,15
15,116391,0,0,0,116391,0,116391,116391,0,0,0,0,0,0,0,0,0,20,20,8,0,0,0,0,1,0,2,0,0,16,20,0,0,0,0,0,0,0,0,15
16,116194,0,0,0,116194,0,116194,116194,0,0,0,0,0,0,0,0,0,20,20,8,0,0,0,0,1,0,2,0,0,16,20,0,0,0,0,0,0,0,0,15
17,115855,0,0,0,115855,0,115855,115855,0,0,0,0,0,0,0,0,0,20,20,8,0,0,0,0,1,0,2,0,0,16,20,0,0,0,0,0,0,0,0,15
18,115968,0,0,0,115968,0,115968,115968,0,0,0,0,0,0,0,0,0,20,20,8,0,0,0,0,1,0,2,0,0,16,20,0,0,0,0,0,0,0,0,15
19,115720,0,0,0,115720,0,115720,115720,0,0,0,0,0,0,0,0,0,20,20,8,0,0,0,0,1,0,2,0,0,16,20,0,0,0,0,0,0,0,0,15
20,233951,2840,1217,979,17996,43672,116499,5,233768,38961,60191,116988,62,19609,47521,116611,94,148,148,29,2840,573,894,800144,0,1,13,614,1217,42600,20,0,0,0,0,1.58E+15,76046,1.58E+15,1.58E+15,15
21,115772,0,0,0,115772,0,115772,115772,0,0,0,0,0,0,0,0,0,20,20,8,0,0,0,0,1,0,2,0,0,16,20,0,0,0,0,0,0,0,0,15
22,116256,0,0,0,116256,0,116256,116256,0,0,0,0,0,0,0,0,0,20,20,8,0,0,0,0,1,0,2,0,0,16,20,0,0,0,0,0,0,0,0,15
23,116091,0,0,0,116091,0,116091,116091,0,0,0,0,0,0,0,0,0,20,20,8,0,0,0,0,1,0,2,0,0,16,20,0,0,0,0,0,0,0,0,15
24,116283,0,0,0,116283,0,116283,116283,0,0,0,0,0,0,0,0,0,20,20,8,0,0,0,0,1,0,2,0,0,16,20,0,0,0,0,0,0,0,0,15
25,115835,0,0,0,115835,0,115835,115835,0,0,0,0,0,0,0,0,0,20,20,8,0,0,0,0,1,0,2,0,0,16,20,0,0,0,0,0,0,0,0,15
26,116106,0,0,0,116106,0,116106,116106,0,0,0,0,0,0,0,0,0,20,20,8,0,0,0,0,1,0,2,0,0,16,20,0,0,0,0,0,0,0,0,15
27,115924,0,0,0,115924,0,115924,115924,0,0,0,0,0,0,0,0,0,20,20,8,0,0,0,0,1,0,2,0,0,16,20,0,0,0,0,0,0,0,0,15
28,115946,0,0,0,115946,0,115946,115946,0,0,0,0,0,0,0,0,0,20,20,8,0,0,0,0,1,0,2,0,0,16,20,0,0,0,0,0,0,0,0,15
29,116007,0,0,0,116007,0,116007,116007,0,0,0,0,0,0,0,0,0,20,20,8,0,0,0,0,1,0,2,0,0,16,20,0,0,0,0,0,0,0,0,15
30,115821,0,0,0,115821,0,115821,115821,0,0,0,0,0,0,0,0,0,20,20,8,0,0,0,0,1,0,2,0,0,16,20,0,0,0,0,0,0,0,0,15
31,116006,0,0,0,116006,0,116006,116006,0,0,0,0,0,0,0,0,0,20,20,8,0,0,0,0,1,0,2,0,0,16,20,0,0,0,0,0,0,0,0,15
32,116952,0,0,0,38984,67451,116870,31,116952,58476,82625,116901,51,0,0,0,0,68,28,8,85,17,38,1445,0,1,3,21,0,42600,20,0,0,0,0,1.58E+15,82653,1.58E+15,1.58E+15,15
33,116128,0,0,0,116128,0,116128,116128,0,0,0,0,0,0,0,0,0,20,20,8,0,0,0,0,1,0,2,0,0,16,20,0,0,0,0,0,0,0,0,15
34,116066,0,0,0,116066,0,116066,116066,0,0,0,0,0,0,0,0,0,20,20,8,0,0,0,0,1,0,2,0,0,16,20,0,0,0,0,0,0,0,0,15
35,115707,0,0,0,115707,0,115707,115707,0,0,0,0,0,0,0,0,0,20,20,8,0,0,0,0,1,0,2,0,0,16,20,0,0,0,0,0,0,0,0,15
36,116573,0,0,0,38857,67222,116480,36,116573,58286,82348,116516,57,0,0,0,0,68,28,8,85,17,38,1445,0,1,3,21,0,42600,20,0,0,0,0,1.58E+15,82378,1.58E+15,1.58E+15,15
37,116145,0,0,0,116145,0,116145,116145,0,0,0,0,0,0,0,0,0,20,20,8,0,0,0,0,1,0,2,0,0,16,20,0,0,0,0,0,0,0,0,15
38,116900,0,0,0,116900,0,116900,116900,0,0,0,0,0,0,0,0,0,20,20,8,0,0,0,0,1,0,2,0,0,16,20,0,0,0,0,0,0,0,0,15
39,116060,0,0,0,116060,0,116060,116060,0,0,0,0,0,0,0,0,0,20,20,8,0,0,0,0,1,0,2,0,0,16,20,0,0,0,0,0,0,0,0,15
40,116121,0,0,0,116121,0,116121,116121,0,0,0,0,0,0,0,0,0,20,20,8,0,0,0,0,1,0,2,0,0,16,20,0,0,0,0,0,0,0,0,15
41,116763,0,0,0,116763,0,116763,116763,0,0,0,0,0,0,0,0,0,20,20,8,0,0,0,0,1,0,2,0,0,16,20,0,0,0,0,0,0,0,0,15
42,115699,0,0,0,115699,0,115699,115699,0,0,0,0,0,0,0,0,0,20,20,8,0,0,0,0,1,0,2,0,0,16,20,0,0,0,0,0,0,0,0,15
43,115679,0,0,0,115679,0,115679,115679,0,0,0,0,0,0,0,0,0,20,20,8,0,0,0,0,1,0,2,0,0,16,20,0,0,0,0,0,0,0,0,15
44,116204,0,0,0,116204,0,116204,116204,0,0,0,0,0,0,0,0,0,20,20,8,0,0,0,0,1,0,2,0,0,16,20,0,0,0,0,0,0,0,0,15
45,116437,0,0,0,116437,0,116437,116437,0,0,0,0,0,0,0,0,0,20,20,8,0,0,0,0,1,0,2,0,0,16,20,0,0,0,0,0,0,0,0,15
46,115890,0,0,0,115890,0,115890,115890,0,0,0,0,0,0,0,0,0,20,20,8,0,0,0,0,1,0,2,0,0,16,20,0,0,0,0,0,0,0,0,15
47,115845,0,0,0,115845,0,115845,115845,0,0,0,0,0,0,0,0,0,20,20,8,0,0,0,0,1,0,2,0,0,16,20,0,0,0,0,0,0,0,0,15
48,115880,0,0,0,115880,0,115880,115880,0,0,0,0,0,0,0,0,0,20,20,8,0,0,0,0,1,0,2,0,0,16,20,0,0,0,0,0,0,0,0,15
49,116135,0,0,0,116135,0,116135,116135,0,0,0,0,0,0,0,0,0,20,20,8,0,0,0,0,1,0,2,0,0,16,20,0,0,0,0,0,0,0,0,15
50,116524,0,0,0,116524,0,116524,116524,0,0,0,0,0,0,0,0,0,20,20,8,0,0,0,0,1,0,2,0,0,16,20,0,0,0,0,0,0,0,0,15
51,1241,0,0,0,112,176,608,4,1241,206,205,608,11,153,20,178,127,140,100,4029,4260,845,1322,1750035,1,1,12,915,0,229,20,0,0,0,0,1.58E+15,354,1.58E+15,1.58E+15,15
52,117546,85,9,28,6530,27333,116055,6,117546,13060,38653,116137,14,14688,41116,116447,53,208,180,76,2840,553,831,690661,1,2,19,582,9,29200,20,0,0,0,0,1.58E+15,39853,1.58E+15,1.58E+15,15
53,117574,85,9,28,6531,27379,116238,5,117574,13063,38735,116357,15,14690,41226,116720,56,208,180,76,2840,553,831,690661,1,2,19,582,9,29200,20,0,0,0,0,1.58E+15,39886,1.58E+15,1.58E+15,15
54,117586,85,9,28,6532,27416,116390,2,117586,13065,38773,116460,10,14694,41277,116852,13,208,180,76,2840,553,831,690661,1,2,19,582,9,29200,20,0,0,0,0,1.58E+15,39928,1.58E+15,1.58E+15,15
55,233697,2840,1098,892,12299,36599,116249,4,233690,25965,51251,116635,53,13069,38720,116325,12,208,208,42,2840,527,818,670724,1,2,19,553,1098,42600,20,0,0,0,0,1.58E+15,65588,1.58E+15,1.58E+15,15
56,234395,5308,1569,1958,18030,43734,116607,4,234391,39065,60281,117140,52,19631,47515,116620,13,148,148,29,5308,738,1514,2293314,1,2,13,790,1569,42600,20,0,0,0,0,1.58E+15,78833,1.58E+15,1.58E+15,15
57,232950,2840,1098,892,12260,36513,115964,3,232947,25883,51147,116187,17,12998,38576,115869,10,208,208,42,2840,527,818,670724,1,2,19,553,1098,42600,20,0,0,0,0,1.58E+15,65371,1.58E+15,1.58E+15,15
58,234622,2840,1220,1110,13801,38762,116936,4,234598,29324,54116,117342,9,14748,41317,117003,12,188,188,38,2840,582,967,935150,1,2,17,615,1220,42600,20,0,0,0,0,1.58E+15,69558,1.58E+15,1.58E+15,15
59,233580,2840,1373,1262,15572,40861,116250,3,233577,33368,56748,116675,39,16771,43893,116311,8,168,168,34,2840,651,1091,1190613,1,2,15,692,1373,42600,20,0,0,0,0,1.58E+15,73494,1.58E+15,1.58E+15,15
60,232754,2840,1098,892,12250,36468,115802,6,232745,25860,51071,116060,43,12994,38530,115741,15,208,208,42,2840,527,818,670724,1,2,19,553,1098,42600,20,0,0,0,0,1.58E+15,65315,1.58E+15,1.58E+15,15
61,232535,2840,1220,1049,13678,38378,115834,5,232529,29066,53580,116251,41,14634,40925,115920,15,188,188,38,2840,582,936,876456,1,2,17,615,1220,42600,20,0,0,0,0,1.58E+15,68919,1.58E+15,1.58E+15,15
62,233061,2840,1098,892,12266,36502,115971,5,233048,25894,51113,116341,21,13037,38629,116050,21,208,208,42,2840,527,818,670724,1,2,19,553,1098,42600,20,0,0,0,0,1.58E+15,65425,1.58E+15,1.58E+15,15
63,233376,2840,1373,1262,15558,40790,116263,4,233372,33338,56690,116341,48,16730,43723,115885,17,168,168,34,2840,651,1091,1190613,1,2,15,692,1373,42600,20,0,0,0,0,1.58E+15,73368,1.58E+15,1.58E+15,15
64,233751,3888,1220,1213,13750,38605,116442,5,233746,29218,53841,116676,46,14694,41143,116519,20,188,188,38,3888,582,1020,1041807,1,2,17,615,1220,42600,20,0,0,0,0,1.58E+15,69267,1.58E+15,1.58E+15,15
65,232872,2840,1373,1262,15524,40725,115902,6,232866,33266,56569,116356,28,16729,43755,115957,33,168,168,34,2840,651,1091,1190613,1,2,15,692,1373,42600,20,0,0,0,0,1.58E+15,73254,1.58E+15,1.58E+15,15
66,232738,2840,1220,1110,13690,38385,115806,3,232735,29091,53654,116210,18,14616,40810,115617,10,188,188,38,2840,582,967,935150,1,2,17,615,1220,42600,20,0,0,0,0,1.58E+15,68920,1.58E+15,1.58E+15,15
67,233182,2840,1220,1110,13716,38504,116115,6,233132,29141,53729,116418,42,14657,41041,116230,52,188,188,38,2840,582,967,935150,1,2,17,615,1220,42600,20,0,0,0,0,1.58E+15,69104,1.58E+15,1.58E+15,15
68,234050,2840,1220,1049,13767,38622,116458,4,234021,29252,53972,117060,48,14718,41140,116536,36,188,188,38,2840,582,936,876456,1,2,17,615,1220,42600,20,0,0,0,0,1.58E+15,69352,1.58E+15,1.58E+15,15
69,234005,2840,1220,1049,13764,38641,116767,6,233992,29249,53921,116794,41,14654,41014,116160,27,188,188,38,2840,582,936,876456,1,2,17,615,1220,42600,20,0,0,0,0,1.58E+15,69284,1.58E+15,1.58E+15,15
70,233587,2468,1098,824,12294,36612,116360,4,233583,25953,51294,116469,34,13025,38645,116079,13,208,208,42,2468,527,786,617900,1,2,19,553,1098,42600,20,0,0,0,0,1.58E+15,65533,1.58E+15,1.58E+15,15
71,233162,2840,1098,892,12271,36548,115990,5,233151,25905,51167,116294,42,13019,38638,116054,16,208,208,42,2840,527,818,670724,1,2,19,553,1098,42600,20,0,0,0,0,1.58E+15,65450,1.58E+15,1.58E+15,15
72,233083,3888,1373,1421,15538,40753,116084,5,233076,33296,56704,116816,39,16762,43833,116165,13,168,168,34,3888,651,1173,1376633,1,2,15,692,1373,42600,20,0,0,0,0,1.58E+15,73358,1.58E+15,1.58E+15,15
73,233207,2840,1373,1262,15547,40781,116082,3,233204,33314,56651,116536,49,16756,43839,116175,15,168,168,34,2840,651,1091,1190613,1,2,15,692,1373,42600,20,0,0,0,0,1.58E+15,73387,1.58E+15,1.58E+15,15
74,233938,2840,1220,1110,13761,38583,116429,6,233928,29241,53868,116892,36,14727,41119,116492,16,188,188,38,2840,582,967,935150,1,2,17,615,1220,42600,20,0,0,0,0,1.58E+15,69325,1.58E+15,1.58E+15,15
75,233542,5308,1569,1958,17964,43421,115930,4,233538,38923,59738,116400,27,19645,47191,115972,21,148,148,29,5308,738,1514,2293314,1,2,13,790,1569,42600,20,0,0,0,0,1.58E+15,78330,1.58E+15,1.58E+15,15
76,233026,2840,1098,892,12264,36506,116036,4,233022,25891,51161,116537,49,13038,38662,116137,8,208,208,42,2840,527,818,670724,1,2,19,553,1098,42600,20,0,0,0,0,1.58E+15,65426,1.58E+15,1.58E+15,15
77,234148,2840,1098,892,12323,36590,116200,2,234146,26016,51352,117048,22,13115,38685,116274,9,208,208,42,2840,527,818,670724,1,2,19,553,1098,42600,20,0,0,0,0,1.58E+15,65690,1.58E+15,1.58E+15,15
78,233677,2840,1220,1110,13745,38576,116296,3,233674,29209,53869,116645,40,14672,41044,116253,7,188,188,38,2840,582,967,935150,1,2,17,615,1220,42600,20,0,0,0,0,1.58E+15,69230,1.58E+15,1.58E+15,15
79,233438,2840,1220,1049,13731,38547,116163,4,233433,29179,53760,116355,69,14659,41045,116242,14,188,188,38,2840,582,936,876456,1,2,17,615,1220,42600,20,0,0,0,0,1.58E+15,69142,1.58E+15,1.58E+15,15
80,233128,2840,1220,1049,13713,38486,116044,4,233124,29140,53743,116517,28,14654,40988,116095,17,188,188,38,2840,582,936,876456,1,2,17,615,1220,42600,20,0,0,0,0,1.58E+15,69072,1.58E+15,1.58E+15,15
81,233117,2468,1098,824,12269,36512,115943,4,233113,25901,51120,116294,47,13032,38618,116015,17,208,208,42,2468,527,786,617900,1,2,19,553,1098,42600,20,0,0,0,0,1.58E+15,65402,1.58E+15,1.58E+15,15
82,234470,2840,1373,1262,15631,41003,117054,4,234463,33494,56991,117080,37,16773,43868,116257,12,168,168,34,2840,651,1091,1190613,1,2,15,692,1373,42600,20,0,0,0,0,1.58E+15,73673,1.58E+15,1.58E+15,15
83,232920,2840,1098,892,12258,36515,115915,3,232917,25879,51140,116207,49,13000,38600,115935,7,208,208,42,2840,527,818,670724,1,2,19,553,1098,42600,20,0,0,0,0,1.58E+15,65363,1.58E+15,1.58E+15,15
84,232990,2840,1220,1110,13705,38426,115991,3,232987,29123,53701,116222,49,14624,40839,115697,9,188,188,38,2840,582,967,935150,1,2,17,615,1220,42600,20,0,0,0,0,1.58E+15,68966,1.58E+15,1.58E+15,15
85,233130,1420,998,650,11101,34833,115931,3,233127,23312,48933,116443,18,11730,36646,116029,9,228,228,47,1420,481,670,449518,1,2,21,503,998,42600,20,0,0,0,0,1.58E+15,62296,1.58E+15,1.58E+15,15
86,234055,2468,1098,824,12318,36651,116521,4,234051,26005,51324,116548,50,13059,38680,116206,19,208,208,42,2468,527,786,617900,1,2,19,553,1098,42600,20,0,0,0,0,1.58E+15,65604,1.58E+15,1.58E+15,15
87,232954,2840,1220,1049,13703,38456,116076,5,232945,29118,53686,116473,44,14659,41016,116169,17,188,188,38,2840,582,936,876456,1,2,17,615,1220,42600,20,0,0,0,0,1.58E+15,69029,1.58E+15,1.58E+15,15
88,233230,4260,1373,1473,15548,40757,116228,6,233224,33317,56664,116274,55,16714,43662,115730,15,168,168,34,4260,651,1201,1442663,1,2,15,692,1373,42600,20,0,0,0,0,1.58E+15,73304,1.58E+15,1.58E+15,15
89,232769,2840,1220,1110,13692,38407,115878,2,232767,29095,53656,116419,22,14647,40940,115970,6,188,188,38,2840,582,967,935150,1,2,17,615,1220,42600,20,0,0,0,0,1.58E+15,68995,1.58E+15,1.58E+15,15
90,233132,1420,998,650,11101,34817,115974,3,233129,23312,48931,116284,18,11715,36563,115777,9,228,228,47,1420,481,670,449518,1,2,21,503,998,42600,20,0,0,0,0,1.58E+15,62261,1.58E+15,1.58E+15,15
91,232964,4260,1373,1523,15530,40704,115877,5,232957,33279,56626,116434,87,16726,43695,115817,21,168,168,34,4260,651,1228,1508693,1,2,15,692,1373,42600,20,0,0,0,0,1.58E+15,73265,1.58E+15,1.58E+15,15
92,233758,2840,1220,1049,13750,38590,116341,5,233753,29219,53880,116653,46,14677,41083,116352,11,188,188,38,2840,582,936,876456,1,2,17,615,1220,42600,20,0,0,0,0,1.58E+15,69246,1.58E+15,1.58E+15,15
93,233372,2840,1220,1049,13727,38519,116095,4,233367,29170,53755,116461,36,14666,41009,116159,10,188,188,38,2840,582,936,876456,1,2,17,615,1220,42600,20,0,0,0,0,1.58E+15,69152,1.58E+15,1.58E+15,15
94,234005,2840,1373,1262,15600,40892,116405,6,233996,33428,56816,116765,66,16799,43888,116329,15,168,168,34,2840,651,1091,1190613,1,2,15,692,1373,42600,20,0,0,0,0,1.58E+15,73568,1.58E+15,1.58E+15,15
95,232808,2840,1220,1110,13694,38412,115813,4,232804,29100,53601,116038,64,14624,40878,115792,9,188,188,38,2840,582,967,935150,1,2,17,615,1220,42600,20,0,0,0,0,1.58E+15,68950,1.58E+15,1.58E+15,15
96,232567,2840,1220,1110,13680,38421,115777,3,232564,29070,53604,116051,33,14603,40920,115877,6,188,188,38,2840,582,967,935150,1,2,17,615,1220,42600,20,0,0,0,0,1.58E+15,68935,1.58E+15,1.58E+15,15
97,234855,4260,1373,1702,16775,42368,116900,4,234851,39141,60375,117235,16,16850,44048,116743,10,148,168,34,4260,692,1359,1848074,1,2,14,738,1373,42600,20,0,0,0,0,1.58E+15,76359,1.58E+15,1.58E+15,15
98,233592,2468,1098,824,12294,36609,116413,5,233585,25953,51284,116463,31,13019,38629,116032,13,208,208,42,2468,527,786,617900,1,2,19,553,1098,42600,20,0,0,0,0,1.58E+15,65519,1.58E+15,1.58E+15,15
32318,109005574,0,0,0,18200000,44500000,109000000,80,109000000,36300000,62900000,109000000,675,54500000,77100000,109000000,5205,136,104,0,351,45,123,15277,0,1,0,51,0,29200,32,5336,0,5336,5336,109000000,0,109000000,109000000,8
24396,63132828,0,0,0,10500000,11900000,32100000,997617,63100000,10500000,11900000,32100000,997617,0,0,0,0,280,0,0,0,0,0,0,0,1,0,0,0,29200,40,7005499,0,7005499,7005499,18700000,12200000,32100000,8015921,8
1098,63123382,0,0,0,10500000,11900000,32100000,995982,63100000,10500000,11900000,32100000,995982,0,0,0,0,280,0,0,0,0,0,0,0,1,0,0,0,29200,40,7011937,0,7011937,7011937,18700000,12200000,32100000,8015681,8
29254,105285338,0,0,0,13200000,36000000,102000000,2,105000000,21100000,45400000,102000000,418,51100000,72300000,102000000,1041,216,104,0,520,52,164,26995,0,1,0,58,0,29200,32,3004319,0,3004319,3004319,102000000,0,102000000,102000000,8
25779,107639114,0,0,0,13500000,36800000,105000000,4,108000000,21500000,46500000,105000000,4,52300000,74000000,105000000,763,216,104,0,520,53,164,26915,0,1,0,59,0,29200,32,3003205,0,3003205,3003205,105000000,0,105000000,105000000,8
26751,109478452,0,0,0,18200000,44700000,109000000,44,109000000,36500000,63200000,109000000,616,54700000,77400000,109000000,5238,136,104,0,520,66,183,33549,0,1,0,76,0,29200,32,5282,0,5282,5282,109000000,0,109000000,109000000,8
25121,63094791,0,0,0,10500000,11900000,32000000,999203,63100000,10500000,11900000,32000000,999203,0,0,0,0,280,0,0,0,0,0,0,0,1,0,0,0,29200,40,7015166,0,7015166,7015166,18700000,12200000,32000000,8015882,8
27126,20998223,0,0,0,10500000,14800000,21000000,77,21000000,21000000,0,21000000,21000000,0,0,0,0,64,32,0,14,7,8,65,0,0,1,9,0,229,32,0,0,0,0,0,0,0,0,8
700,63132460,0,0,0,10500000,11900000,32100000,996939,63100000,10500000,11900000,32100000,996939,0,0,0,0,280,0,0,0,0,0,0,0,1,0,0,0,29200,40,7004867,0,7004867,7004867,18700000,12200000,32100000,8015948,8
87611,5,0,0,0,5,0,5,5,0,0,0,0,0,0,0,0,0,32,32,200000,1983,1322,1144,1310763,0,0,1,1983,0,235,32,0,0,0,0,0,0,0,0,8
22920,109119967,0,0,0,18200000,44500000,109000000,47,109000000,36400000,63000000,109000000,614,54600000,77200000,109000000,5223,136,104,0,351,44,123,15307,0,1,0,51,0,29200,32,5275,0,5275,5275,109000000,0,109000000,109000000,8
84876,202877,1983,661,1144,67625,84166,161889,5,0,0,0,0,0,80947,114469,161889,5,32,96,14,1983,396,886,786457,0,0,1,495,661,229,32,0,0,0,0,0,0,0,0,8
28989,63138114,0,0,0,10500000,11900000,32100000,998912,63100000,10500000,11900000,32100000,998912,0,0,0,0,280,0,0,0,0,0,0,0,1,0,0,0,29200,40,7010844,0,7010844,7010844,18700000,12200000,32100000,8015830,8
85775,63143111,0,0,0,10500000,11900000,32100000,999919,63100000,10500000,11900000,32100000,999919,0,0,0,0,280,0,0,0,0,0,0,0,1,0,0,0,29200,40,7015873,0,7015873,7015873,18700000,12200000,32100000,8015904,8
21891,111083652,0,0,0,15900000,41300000,110000000,15,111000000,27800000,54500000,110000000,363,54800000,77500000,110000000,5393,168,104,0,520,58,172,29923,0,1,0,66,0,29200,32,5408,0,5408,5408,110000000,0,110000000,110000000,8
85450,110854920,0,0,0,15800000,41200000,109000000,24,111000000,27700000,54400000,109000000,678,54700000,77300000,109000000,5265,168,104,0,520,59,172,29852,0,1,0,66,0,29200,32,5371,0,5371,5371,109000000,0,109000000,109000000,8
27447,63131613,0,0,0,10500000,11900000,32100000,996242,63100000,10500000,11900000,32100000,996242,0,0,0,0,280,0,0,0,0,0,0,0,1,0,0,0,29200,40,7004171,0,7004171,7004171,18700000,12200000,32100000,8015941,8
1203,63144440,0,0,0,10500000,11900000,32100000,996966,63100000,10500000,11900000,32100000,996966,0,0,0,0,280,0,0,0,0,0,0,0,1,0,0,0,29200,40,7008907,0,7008907,7008907,18700000,12300000,32100000,8007958,8
31517,107670143,0,0,0,13500000,36900000,105000000,55,108000000,21500000,46500000,105000000,209,52300000,74000000,105000000,1983,216,104,0,520,52,164,26964,0,1,0,58,0,29200,32,3004813,0,3004813,3004813,105000000,0,105000000,105000000,8
28424,63115124,0,0,0,10500000,11900000,32100000,999447,63100000,10500000,11900000,32100000,999447,0,0,0,0,280,0,0,0,0,0,0,0,1,0,0,0,29200,40,7011389,0,7011389,7011389,18700000,12200000,32100000,8007924,8
85341,63133625,0,0,0,10500000,11900000,32100000,998225,63100000,10500000,11900000,32100000,998225,0,0,0,0,280,0,0,0,0,0,0,0,1,0,0,0,29200,40,7006204,0,7006204,7006204,18700000,12200000,32100000,8015937,8
22126,108157071,0,0,0,12000000,33500000,101000000,48,108000000,18000000,40700000,101000000,438,50600000,71500000,101000000,1162,256,104,0,520,48,156,24453,0,1,0,53,0,29200,32,7009991,0,7009991,7009991,101000000,0,101000000,101000000,8
30533,3275859,0,0,0,3275859,0,3275859,3275859,3275859,3275859,0,3275859,3275859,0,0,0,0,64,0,0,187,187,0,0,0,0,1,280,0,229,32,0,0,0,0,0,0,0,0,8
1283,63150671,0,0,0,10500000,11900000,32100000,999255,63200000,10500000,11900000,32100000,999255,0,0,0,0,280,0,0,0,0,0,0,0,1,0,0,0,29200,40,7007210,0,7007210,7007210,18700000,12300000,32100000,8015948,8
85453,105295669,0,0,0,13200000,36000000,102000000,22,105000000,21100000,45400000,102000000,237,51100000,72300000,102000000,1058,216,104,0,520,53,164,26897,0,1,0,59,0,29200,32,3002875,0,3002875,3002875,102000000,0,102000000,102000000,8
28941,63137874,0,0,0,10500000,11900000,32100000,998240,63100000,10500000,11900000,32100000,998240,0,0,0,0,280,0,0,0,0,0,0,0,1,0,0,0,29200,40,7010371,0,7010371,7010371,18700000,12200000,32100000,8015919,8
31834,63104358,0,0,0,10500000,11900000,32100000,996746,63100000,10500000,11900000,32100000,996746,0,0,0,0,280,0,0,0,0,0,0,0,1,0,0,0,29200,40,7008614,0,7008614,7008614,18700000,12200000,32100000,8015960,8
26455,20996728,0,0,0,10500000,14800000,21000000,75,21000000,21000000,0,21000000,21000000,0,0,0,0,64,32,0,9,4,5,27,0,0,1,6,0,229,32,0,0,0,0,0,0,0,0,8
85879,2999817,0,0,0,374977,488058,1370526,4,2999817,428545,501117,1370526,4,0,0,0,0,264,40,0,356,178,187,35204,0,1,0,197,0,29200,32,0,0,0,0,0,0,0,0,8
26463,106525101,0,0,0,13300000,36500000,104000000,67,107000000,21300000,46000000,104000000,476,51800000,73200000,104000000,1291,216,104,0,520,53,164,26924,0,1,0,59,0,29200,32,3001349,0,3001349,3001349,104000000,0,104000000,104000000,8
22700,41107,1983,991,1402,20553,29061,41103,4,0,0,0,0,0,4,0,4,4,32,64,48,1983,495,991,983072,0,0,1,661,991,229,32,0,0,0,0,0,0,0,0,8
24077,63092379,0,0,0,10500000,11900000,32000000,996513,63100000,10500000,11900000,32000000,996513,0,0,0,0,280,0,0,0,0,0,0,0,1,0,0,0,29200,40,7012384,0,7012384,7012384,18700000,12200000,32000000,8015896,8
86625,63162693,0,0,0,10500000,11900000,32100000,999327,63200000,10500000,11900000,32100000,999327,0,0,0,0,280,0,0,0,0,0,0,0,1,0,0,0,29200,40,7011240,0,7011240,7011240,18700000,12300000,32100000,8023950,8
26761,63128325,0,0,0,10500000,11900000,32100000,996735,63100000,10500000,11900000,32100000,996735,0,0,0,0,280,0,0,0,0,0,0,0,1,0,0,0,29200,40,7008661,0,7008661,7008661,18700000,12200000,32100000,8023965,8
22124,63115760,0,0,0,10500000,11900000,32100000,996020,63100000,10500000,11900000,32100000,996020,0,0,0,0,280,0,0,0,0,0,0,0,1,0,0,0,29200,40,7004106,0,7004106,7004106,18700000,12200000,32100000,8015977,8
239,109967320,0,0,0,18300000,44900000,110000000,41,110000000,36700000,63500000,110000000,590,55000000,77800000,110000000,5270,136,104,0,520,65,183,33693,0,1,0,75,0,29200,32,5311,0,5311,5311,110000000,0,110000000,110000000,8
32376,3276141,0,0,0,3276141,0,3276141,3276141,3276141,3276141,0,3276141,3276141,0,0,0,0,64,0,0,356,356,0,0,0,0,1,534,0,229,32,0,0,0,0,0,0,0,0,8
26762,107674208,0,0,0,17900000,44000000,108000000,60,108000000,35900000,62200000,108000000,860,53800000,76100000,108000000,5206,136,104,0,520,66,183,33579,0,1,0,76,0,29200,32,5300,0,5300,5300,108000000,0,108000000,108000000,8
21617,63084885,0,0,0,10500000,11900000,32000000,997032,63100000,10500000,11900000,32000000,997032,0,0,0,0,280,0,0,0,0,0,0,0,1,0,0,0,29200,40,7005016,0,7005016,7005016,18700000,12200000,32000000,8015735,8
27141,63125068,0,0,0,10500000,11900000,32100000,997667,63100000,10500000,11900000,32100000,997667,0,0,0,0,280,0,0,0,0,0,0,0,1,0,0,0,29200,40,7013607,0,7013607,7013607,18700000,12200000,32100000,8015729,8
85457,63117458,0,0,0,10500000,11900000,32100000,998013,63100000,10500000,11900000,32100000,998013,0,0,0,0,280,0,0,0,0,0,0,0,1,0,0,0,29200,40,7005792,0,7005792,7005792,18700000,12200000,32100000,8016162,8
29677,63111131,0,0,0,10500000,11900000,32100000,999492,63100000,10500000,11900000,32100000,999492,0,0,0,0,280,0,0,0,0,0,0,0,1,0,0,0,29200,40,7015244,0,7015244,7015244,18700000,12200000,32100000,8016138,8
630,109333090,0,0,0,18200000,44600000,109000000,78,109000000,36400000,63100000,109000000,619,54700000,77300000,109000000,5253,136,104,0,351,46,123,15214,0,1,0,52,0,29200,32,5344,0,5344,5344,109000000,0,109000000,109000000,8
26765,63161754,0,0,0,10500000,11900000,32100000,998379,63200000,10500000,11900000,32100000,998379,0,0,0,0,280,0,0,0,0,0,0,0,1,0,0,0,29200,40,7010323,0,7010323,7010323,18700000,12300000,32100000,8023904,8
22703,109655382,0,0,0,18300000,44800000,110000000,72,110000000,36600000,63300000,110000000,619,54800000,77500000,110000000,5223,136,104,0,351,45,123,15258,0,1,0,52,0,29200,32,5334,0,5334,5334,110000000,0,110000000,110000000,8
24711,63103286,0,0,0,10500000,11900000,32100000,999826,63100000,10500000,11900000,32100000,999826,0,0,0,0,280,0,0,0,0,0,0,0,1,0,0,0,29200,40,7007585,0,7007585,7007585,18700000,12200000,32100000,8015935,8
22184,63124197,0,0,0,10500000,11900000,32100000,996628,63100000,10500000,11900000,32100000,996628,0,0,0,0,280,0,0,0,0,0,0,0,1,0,0,0,29200,40,7012553,0,7012553,7012553,18700000,12200000,32100000,8015946,8
29671,63090650,0,0,0,10500000,11900000,32000000,998989,63100000,10500000,11900000,32000000,998989,0,0,0,0,280,0,0,0,0,0,0,0,1,0,0,0,29200,40,7010915,0,7010915,7010915,18700000,12200000,32000000,8015947,8
23650,63120924,0,0,0,10500000,11900000,32100000,997423,63100000,10500000,11900000,32100000,997423,0,0,0,0,280,0,0,0,0,0,0,0,1,0,0,0,29200,40,7009241,0,7009241,7009241,18700000,12200000,32100000,8016000,8
28238,63163100,0,0,0,10500000,11900000,32100000,999929,63200000,10500000,11900000,32100000,999929,0,0,0,0,280,0,0,0,0,0,0,0,1,0,0,0,29200,40,7011869,0,7011869,7011869,18700000,12300000,32100000,8023736,8
32352,63088488,0,0,0,10500000,11900000,32000000,996651,63100000,10500000,11900000,32000000,996651,0,0,0,0,280,0,0,0,0,0,0,0,1,0,0,0,29200,40,7008621,0,7008621,7008621,18700000,12200000,32000000,8015950,8
29267,98,6,6,0,98,0,98,98,0,0,0,0,0,0,0,0,0,32,20,10204,351,236,199,39675,0,0,1,354,6,229,32,0,0,0,0,0,0,0,0,8
22689,63159538,0,0,0,10500000,11900000,32100000,996134,63200000,10500000,11900000,32100000,996134,0,0,0,0,280,0,0,0,0,0,0,0,1,0,0,0,29200,40,7008092,0,7008092,7008092,18700000,12300000,32100000,8023716,8
29650,63136926,0,0,0,10500000,11900000,32100000,997673,63100000,10500000,11900000,32100000,997673,0,0,0,0,280,0,0,0,0,0,0,0,1,0,0,0,29200,40,7009647,0,7009647,7009647,18700000,12200000,32100000,8015920,8
31961,63124229,0,0,0,10500000,11900000,32100000,997014,63100000,10500000,11900000,32100000,997014,0,0,0,0,280,0,0,0,0,0,0,0,1,0,0,0,29200,40,7012935,0,7012935,7012935,18700000,12200000,32100000,8015922,8
26221,119798713,6,2,3,5989935,12100000,52400000,78,120000000,7046977,12900000,52400000,522,52400000,29400000,73200000,31600000,616,100,0,520,260,265,70672,0,1,0,272,2,29200,32,4520095,3921125,7015707,567,17700000,17900000,52400000,5403599,8
30191,63136756,0,0,0,10500000,11900000,32100000,997440,63100000,10500000,11900000,32100000,997440,0,0,0,0,280,0,0,0,0,0,0,0,1,0,0,0,29200,40,7009388,0,7009388,7009388,18700000,12200000,32100000,8015933,8
29268,63154304,0,0,0,10500000,11900000,32100000,998895,63200000,10500000,11900000,32100000,998895,0,0,0,0,280,0,0,0,0,0,0,0,1,0,0,0,29200,40,7010828,0,7010828,7010828,18700000,12300000,32100000,8015928,8
22187,63122952,0,0,0,10500000,11900000,32100000,999502,63100000,10500000,11900000,32100000,999502,0,0,0,0,280,0,0,0,0,0,0,0,1,0,0,0,29200,40,7011441,0,7011441,7011441,18700000,12200000,32100000,8015956,8
22128,63130088,0,0,0,10500000,11900000,32100000,998656,63100000,10500000,11900000,32100000,998656,0,0,0,0,280,0,0,0,0,0,0,0,1,0,0,0,29200,40,7010558,0,7010558,7010558,18700000,12200000,32100000,8023978,8
31506,105446109,0,0,0,13200000,36100000,102000000,60,105000000,21100000,45500000,102000000,385,51200000,72400000,102000000,1031,216,104,0,520,52,164,26944,0,1,0,58,0,29200,32,3001223,0,3001223,3001223,102000000,0,102000000,102000000,8
22970,63117692,0,0,0,10500000,11900000,32100000,998378,63100000,10500000,11900000,32100000,998378,0,0,0,0,280,0,0,0,0,0,0,0,1,0,0,0,29200,40,7006336,0,7006336,7006336,18700000,12200000,32100000,8015999,8
25432,63082183,0,0,0,10500000,11900000,32000000,998475,63100000,10500000,11900000,32000000,998475,0,0,0,0,280,0,0,0,0,0,0,0,1,0,0,0,29200,40,7010416,0,7010416,7010416,18700000,12200000,32000000,8007984,8
29275,20998661,0,0,0,10500000,14800000,21000000,59,21000000,21000000,0,21000000,21000000,0,0,0,0,64,32,0,14,7,8,65,0,0,1,9,0,229,32,0,0,0,0,0,0,0,0,8
23062,3267943,0,0,0,3267943,0,3267943,3267943,3267943,3267943,0,3267943,3267943,0,0,0,0,64,0,0,356,356,0,0,0,0,1,534,0,229,32,0,0,0,0,0,0,0,0,8
29483,63118148,0,0,0,10500000,11900000,32100000,998711,63100000,10500000,11900000,32100000,998711,0,0,0,0,280,0,0,0,0,0,0,0,1,0,0,0,29200,40,7006667,0,7006667,7006667,18700000,12200000,32100000,8015699,8
31838,107752911,0,0,0,8979409,29100000,101000000,60,108000000,12000000,33500000,101000000,821,53900000,67100000,101000000,6420764,328,104,0,520,260,269,72368,0,1,0,280,0,29200,32,6420824,0,6420824,6420824,101000000,0,101000000,101000000,8
23382,63096373,0,0,0,10500000,11900000,32000000,996833,63100000,10500000,11900000,32000000,996833,0,0,0,0,280,0,0,0,0,0,0,0,1,0,0,0,29200,40,7008575,0,7008575,7008575,18700000,12200000,32000000,8024096,8
25038,106307715,0,0,0,13300000,36400000,103000000,48,106000000,21300000,45900000,103000000,232,51700000,73000000,103000000,1037,216,104,0,520,52,164,26984,0,1,0,58,0,29200,32,3003309,0,3003309,3003309,103000000,0,103000000,103000000,8
85226,63100728,0,0,0,10500000,11900000,32100000,997060,63100000,10500000,11900000,32100000,997060,0,0,0,0,280,0,0,0,0,0,0,0,1,0,0,0,29200,40,7005029,0,7005029,7005029,18700000,12200000,32100000,8015953,8
22318,3276082,0,0,0,3276082,0,3276082,3276082,3276082,3276082,0,3276082,3276082,0,0,0,0,64,0,0,356,356,0,0,0,0,1,534,0,229,32,0,0,0,0,0,0,0,0,8
85875,63149593,0,0,0,10500000,11900000,32100000,998194,63100000,10500000,11900000,32100000,998194,0,0,0,0,280,0,0,0,0,0,0,0,1,0,0,0,29200,40,7006184,0,7006184,7006184,18700000,12300000,32100000,8015712,8
28000,3905,1448,661,732,1301,2211,3855,1,0,0,0,0,0,25,33,49,1,32,96,768,1448,396,631,399117,0,0,1,495,661,229,32,0,0,0,0,0,0,0,0,8
88828,63120705,0,0,0,10500000,11900000,32100000,997075,63100000,10500000,11900000,32100000,997075,0,0,0,0,280,0,0,0,0,0,0,0,1,0,0,0,29200,40,7009035,0,7009035,7009035,18700000,12200000,32100000,8015890,8
31508,63119429,0,0,0,10500000,11900000,32100000,999900,63100000,10500000,11900000,32100000,999900,0,0,0,0,280,0,0,0,0,0,0,0,1,0,0,0,29200,40,7007829,0,7007829,7007829,18700000,12200000,32100000,8015964,8
32369,63119590,0,0,0,10500000,11900000,32100000,999970,63100000,10500000,11900000,32100000,999970,0,0,0,0,280,0,0,0,0,0,0,0,1,0,0,0,29200,40,7007945,0,7007945,7007945,18700000,12200000,32100000,8015876,8
22694,105368858,0,0,0,13200000,36000000,102000000,60,105000000,21100000,45500000,102000000,417,51200000,72400000,102000000,1082,216,104,0,520,53,163,26880,0,1,0,59,0,29200,32,3003876,0,3003876,3003876,102000000,0,102000000,102000000,8
31967,109743551,0,0,0,18300000,44800000,110000000,13,110000000,36600000,63400000,110000000,539,54900000,77600000,110000000,5238,136,104,0,520,66,183,33610,0,1,0,75,0,29200,32,5251,0,5251,5251,110000000,0,110000000,110000000,8
29670,108680417,0,0,0,18100000,44400000,109000000,67,109000000,36200000,62700000,109000000,870,54300000,76800000,109000000,5173,136,104,0,520,66,183,33610,0,1,0,75,0,29200,32,5296,0,5296,5296,109000000,0,109000000,109000000,8
85030,63120765,0,0,0,10500000,11900000,32100000,997319,63100000,10500000,11900000,32100000,997319,0,0,0,0,280,0,0,0,0,0,0,0,1,0,0,0,29200,40,7009285,0,7009285,7009285,18700000,12200000,32100000,8015923,8
87636,29385,1983,991,1402,14692,20775,29383,2,0,0,0,0,0,2,0,2,2,32,64,68,1983,495,991,983072,0,0,1,661,991,229,32,0,0,0,0,0,0,0,0,8
45222,109286192,0,0,0,18200000,44600000,109000000,14,109000000,36400000,63100000,109000000,618,54600000,77300000,109000000,5230,136,104,0,520,65,183,33676,0,1,0,75,0,29200,32,5244,0,5244,5244,109000000,0,109000000,109000000,8
32721,13072045,0,0,0,13100000,0,13100000,13100000,13100000,13100000,0,13100000,13100000,0,0,0,0,64,0,0,356,356,0,0,0,0,1,534,0,229,32,0,0,0,0,0,0,0,0,8
54853,4,0,0,0,4,0,4,4,0,0,0,0,0,0,0,0,0,32,32,250000,1983,1322,1144,1310763,0,0,1,1983,0,235,32,0,0,0,0,0,0,0,0,8
12862,23567,1983,991,1402,11783,16658,23563,4,0,0,0,0,0,4,0,4,4,32,64,84,1983,495,991,983072,0,0,1,661,991,229,32,0,0,0,0,0,0,0,0,8
54862,63150030,0,0,0,10500000,11900000,32100000,998619,63200000,10500000,11900000,32100000,998619,0,0,0,0,280,0,0,0,0,0,0,0,1,0,0,0,29200,40,7006569,0,7006569,7006569,18700000,12300000,32100000,8015952,8
12859,63096725,0,0,0,10500000,11900000,32000000,996988,63100000,10500000,11900000,32000000,996988,0,0,0,0,280,0,0,0,0,0,0,0,1,0,0,0,29200,40,7008896,0,7008896,7008896,18700000,12200000,32000000,8023948,8
6166,63098528,0,0,0,10500000,11900000,32000000,998756,63100000,10500000,11900000,32000000,998756,0,0,0,0,280,0,0,0,0,0,0,0,1,0,0,0,29200,40,7010687,0,7010687,7010687,18700000,12200000,32000000,8023953,8
12851,63126171,0,0,0,10500000,11900000,32100000,998570,63100000,10500000,11900000,32100000,998570,0,0,0,0,280,0,0,0,0,0,0,0,1,0,0,0,29200,40,7014501,0,7014501,7014501,18700000,12200000,32100000,8015956,8
72806,63109657,0,0,0,10500000,11900000,32100000,998289,63100000,10500000,11900000,32100000,998289,0,0,0,0,280,0,0,0,0,0,0,0,1,0,0,0,29200,40,7014235,0,7014235,7014235,18700000,12200000,32100000,8015921,8
6171,63120783,0,0,0,10500000,11900000,32100000,997511,63100000,10500000,11900000,32100000,997511,0,0,0,0,280,0,0,0,0,0,0,0,1,0,0,0,29200,40,7009468,0,7009468,7009468,18700000,12200000,32100000,8015961,8
12838,3005677,0,0,0,375709,488828,1373521,108,3005677,429382,501887,1373521,431,0,0,0,0,264,40,0,356,178,187,35204,0,1,0,197,0,29200,32,0,0,0,0,0,0,0,0,8
54920,63085805,0,0,0,10500000,11900000,32000000,998146,63100000,10500000,11900000,32000000,998146,0,0,0,0,280,0,0,0,0,0,0,0,1,0,0,0,29200,40,7006068,0,7006068,7006068,18700000,12200000,32000000,8015900,8
12826,63132599,0,0,0,10500000,11900000,32100000,997062,63100000,10500000,11900000,32100000,997062,0,0,0,0,280,0,0,0,0,0,0,0,1,0,0,0,29200,40,7005018,0,7005018,7005018,18700000,12200000,32100000,8015927,8
72781,63158114,0,0,0,10500000,11900000,32100000,998910,63200000,10500000,11900000,32100000,998910,0,0,0,0,280,0,0,0,0,0,0,0,1,0,0,0,29200,40,7014653,0,7014653,7014653,18700000,12300000,32100000,8015934,8
72778,63114301,0,0,0,10500000,11900000,32100000,998774,63100000,10500000,11900000,32100000,998774,0,0,0,0,280,0,0,0,0,0,0,0,1,0,0,0,29200,40,7010487,0,7010487,7010487,18700000,12200000,32100000,8008180,8
12821,109437505,0,0,0,18200000,44700000,109000000,46,109000000,36500000,63200000,109000000,774,54700000,77400000,109000000,5431,136,104,0,520,66,183,33610,0,1,0,75,0,29200,32,5477,0,5477,5477,109000000,0,109000000,109000000,8
12863,110813377,0,0,0,15800000,41200000,109000000,47,111000000,27700000,54400000,109000000,663,54700000,77300000,109000000,5329,168,104,0,520,59,172,29852,0,1,0,66,0,29200,32,5462,0,5462,5462,109000000,0,109000000,109000000,8
6185,112,6,6,0,112,0,112,112,0,0,0,0,0,0,0,0,0,32,20,8928,520,348,296,88065,0,0,1,523,6,229,32,0,0,0,0,0,0,0,0,8
6187,170912,1983,661,1144,56970,65233,128133,4,0,0,0,0,0,64068,90600,128133,4,32,96,17,1983,396,886,786457,0,0,1,495,661,229,32,0,0,0,0,0,0,0,0,8
54957,107642095,6,2,3,5980116,12800000,52300000,71,108000000,7176132,13800000,52300000,612,52300000,29500000,73200000,31500000,536,100,0,351,193,178,31976,0,1,0,203,2,29200,32,4773832,6750574,9547209,455,19600000,19300000,52300000,5277704,8
12819,3275784,0,0,0,3275784,0,3275784,3275784,3275784,3275784,0,3275784,3275784,0,0,0,0,64,0,0,356,356,0,0,0,0,1,534,0,229,32,0,0,0,0,0,0,0,0,8
72762,108745747,0,0,0,18100000,44400000,109000000,40,109000000,36200000,62800000,109000000,629,54400000,76900000,109000000,5283,136,104,0,351,44,123,15329,0,1,0,51,0,29200,32,5323,0,5323,5323,109000000,0,109000000,109000000,8
72760,2999827,0,0,0,374978,487955,1370081,4,2999827,428546,501000,1370081,4,0,0,0,0,264,40,0,356,178,187,35204,0,1,0,197,0,29200,32,0,0,0,0,0,0,0,0,8
72757,63110627,0,0,0,10500000,11900000,32100000,999025,63100000,10500000,11900000,32100000,999025,0,0,0,0,280,0,0,0,0,0,0,0,1,0,0,0,29200,40,7014999,0,7014999,7014999,18700000,12200000,32100000,8015877,8
54976,108943170,0,0,0,18200000,44500000,109000000,23,109000000,36300000,62900000,109000000,644,54500000,77000000,109000000,5259,136,104,0,351,44,123,15307,0,1,0,51,0,29200,32,5282,0,5282,5282,109000000,0,109000000,109000000,8
54982,174906,1983,661,1144,58302,69192,134765,5,0,0,0,0,0,67385,95289,134765,5,32,96,17,1983,396,886,786457,0,0,1,495,661,229,32,0,0,0,0,0,0,0,0,8
12801,63114653,0,0,0,10500000,11900000,32100000,999047,63100000,10500000,11900000,32100000,999047,0,0,0,0,280,0,0,0,0,0,0,0,1,0,0,0,29200,40,7011014,0,7011014,7011014,18700000,12200000,32100000,8007941,8
55008,63130284,0,0,0,10500000,11900000,32100000,998749,63100000,10500000,11900000,32100000,998749,0,0,0,0,280,0,0,0,0,0,0,0,1,0,0,0,29200,40,7010682,0,7010682,7010682,18700000,12200000,32100000,8023922,8
55012,63142538,0,0,0,10500000,11900000,32100000,998953,63100000,10500000,11900000,32100000,998953,0,0,0,0,280,0,0,0,0,0,0,0,1,0,0,0,29200,40,7015105,0,7015105,7015105,18700000,12200000,32100000,8015968,8
55014,63140585,0,0,0,10500000,11900000,32100000,997057,63100000,10500000,11900000,32100000,997057,0,0,0,0,280,0,0,0,0,0,0,0,1,0,0,0,29200,40,7012958,0,7012958,7012958,18700000,12200000,32100000,8015905,8
72738,63099758,0,0,0,10500000,11900000,32100000,996222,63100000,10500000,11900000,32100000,996222,0,0,0,0,280,0,0,0,0,0,0,0,1,0,0,0,29200,40,7004166,0,7004166,7004166,18700000,12200000,32100000,8015913,8
12786,192313,1448,495,683,48078,71485,151337,1,0,0,0,0,0,50466,87356,151337,1,32,128,20,1448,330,587,345509,0,0,1,396,495,229,32,0,0,0,0,0,0,0,0,8
72772,63120400,0,0,0,10500000,11900000,32100000,996815,63100000,10500000,11900000,32100000,996815,0,0,0,0,280,0,0,0,0,0,0,0,1,0,0,0,29200,40,7008702,0,7008702,7008702,18700000,12200000,32100000,8015979,8
72831,20997966,0,0,0,10500000,14800000,21000000,55,21000000,21000000,0,21000000,21000000,0,0,0,0,64,32,0,15,7,8,75,0,0,1,10,0,229,32,0,0,0,0,0,0,0,0,8
12864,63104698,0,0,0,10500000,11900000,32100000,997303,63100000,10500000,11900000,32100000,997303,0,0,0,0,280,0,0,0,0,0,0,0,1,0,0,0,29200,40,7009159,0,7009159,7009159,18700000,12200000,32100000,8015922,8
72837,63123941,0,0,0,10500000,11900000,32100000,996374,63100000,10500000,11900000,32100000,996374,0,0,0,0,280,0,0,0,0,0,0,0,1,0,0,0,29200,40,7012355,0,7012355,7012355,18700000,12200000,32100000,8015692,8
54625,108657469,0,0,0,18100000,44400000,109000000,26,109000000,36200000,62700000,109000000,633,54300000,76800000,109000000,5163,136,104,0,351,45,123,15267,0,1,0,51,0,29200,32,5247,0,5247,5247,109000000,0,109000000,109000000,8
72949,63082261,0,0,0,10500000,11900000,32000000,998566,63100000,10500000,11900000,32000000,998566,0,0,0,0,280,0,0,0,0,0,0,0,1,0,0,0,29200,40,7010506,0,7010506,7010506,18700000,12200000,32000000,8007924,8
12949,109276351,0,0,0,18200000,44600000,109000000,54,109000000,36400000,63100000,109000000,626,54600000,77300000,109000000,5262,136,104,0,520,66,183,33626,0,1,0,75,0,29200,32,5316,0,5316,5316,109000000,0,109000000,109000000,8
54644,109405749,0,0,0,18200000,44700000,109000000,28,109000000,36500000,63200000,109000000,618,54700000,77400000,109000000,5203,136,104,0,520,66,183,33610,0,1,0,75,0,29200,32,5254,0,5254,5254,109000000,0,109000000,109000000,8
12943,109478649,0,0,0,18200000,44700000,109000000,84,109000000,36500000,63200000,109000000,631,54700000,77400000,109000000,5278,136,104,0,351,45,123,15267,0,1,0,51,0,29200,32,5389,0,5389,5389,109000000,0,109000000,109000000,8
54659,16886,1983,991,1402,8443,11934,16882,4,0,0,0,0,0,4,0,4,4,32,64,118,1983,495,991,983072,0,0,1,661,991,229,32,0,0,0,0,0,0,0,0,8
54661,63124652,0,0,0,10500000,11900000,32100000,997409,63100000,10500000,11900000,32100000,997409,0,0,0,0,280,0,0,0,0,0,0,0,1,0,0,0,29200,40,7013348,0,7013348,7013348,18700000,12200000,32100000,8015916,8
72934,109411346,0,0,0,18200000,44700000,109000000,32,109000000,36500000,63200000,109000000,622,54700000,77400000,109000000,5219,136,104,0,520,66,183,33595,0,1,0,76,0,29200,32,5271,0,5271,5271,109000000,0,109000000,109000000,8
54664,63120101,0,0,0,10500000,11900000,32100000,996712,63100000,10500000,11900000,32100000,996712,0,0,0,0,280,0,0,0,0,0,0,0,1,0,0,0,29200,40,7008626,0,7008626,7008626,18700000,12200000,32100000,8015938,8
54670,108579522,0,0,0,18100000,44300000,109000000,27,109000000,36200000,62700000,109000000,585,54300000,76800000,109000000,5249,136,104,0,351,44,123,15340,0,1,0,50,0,29200,32,5286,0,5286,5286,109000000,0,109000000,109000000,8
72925,63121117,0,0,0,10500000,11900000,32100000,997649,63100000,10500000,11900000,32100000,997649,0,0,0,0,280,0,0,0,0,0,0,0,1,0,0,0,29200,40,7009669,0,7009669,7009669,18700000,12200000,32100000,8015852,8
12927,63158721,0,0,0,10500000,11900000,32100000,999553,63200000,10500000,11900000,32100000,999553,0,0,0,0,280,0,0,0,0,0,0,0,1,0,0,0,29200,40,7015533,0,7015533,7015533,18700000,12300000,32100000,8015689,8
54699,109416200,0,0,0,18200000,44700000,109000000,56,109000000,36500000,63200000,109000000,651,54700000,77400000,109000000,5320,136,104,0,351,45,123,15231,0,1,0,52,0,29200,32,5459,0,5459,5459,109000000,0,109000000,109000000,8
54727,20997556,0,0,0,10500000,14800000,21000000,46,21000000,21000000,0,21000000,21000000,0,0,0,0,64,32,0,10,5,5,33,0,0,1,6,0,229,32,0,0,0,0,0,0,0,0,8
72899,109676217,0,0,0,18300000,44800000,110000000,17,110000000,36600000,63300000,110000000,625,54800000,77500000,110000000,5173,136,104,0,520,66,183,33659,0,1,0,75,0,29200,32,5253,0,5253,5253,110000000,0,110000000,110000000,8
72898,63108261,0,0,0,10500000,11900000,32100000,996518,63100000,10500000,11900000,32100000,996518,0,0,0,0,280,0,0,0,0,0,0,0,1,0,0,0,29200,40,7012490,0,7012490,7012490,18700000,12200000,32100000,8015850,8
12905,2,0,0,0,2,0,2,2,0,0,0,0,0,0,0,0,0,32,32,500000,1983,1322,1144,1310763,0,0,1,1983,0,235,32,0,0,0,0,0,0,0,0,8
54827,106416028,0,0,0,13300000,36400000,103000000,38,106000000,21300000,45900000,103000000,232,51700000,73100000,103000000,1079,216,104,0,520,52,164,26995,0,1,0,58,0,29200,32,3004080,0,3004080,3004080,103000000,0,103000000,103000000,8
72843,3275988,0,0,0,3275988,0,3275988,3275988,3275988,3275988,0,3275988,3275988,0,0,0,0,64,0,0,356,356,0,0,0,0,1,534,0,229,32,0,0,0,0,0,0,0,0,8
6147,2999891,0,0,0,374986,488076,1370588,4,2999891,428555,501136,1370588,4,0,0,0,0,264,40,0,356,178,187,35204,0,1,0,197,0,29200,32,0,0,0,0,0,0,0,0,8
72852,63148356,0,0,0,10500000,11900000,32100000,997134,63100000,10500000,11900000,32100000,997134,0,0,0,0,280,0,0,0,0,0,0,0,1,0,0,0,29200,40,7005095,0,7005095,7005095,18700000,12300000,32100000,8015909,8
54805,63126740,0,0,0,10500000,11900000,32100000,999629,63100000,10500000,11900000,32100000,999629,0,0,0,0,280,0,0,0,0,0,0,0,1,0,0,0,29200,40,7015532,0,7015532,7015532,18700000,12200000,32100000,8015897,8
54803,20686,1983,1983,0,10343,13764,20076,610,20686,20686,0,20686,20686,0,0,0,0,52,32,48,1983,497,990,981098,0,0,1,663,1983,229,20,0,0,0,0,0,0,0,0,8
55055,63133227,0,0,0,10500000,11900000,32100000,997687,63100000,10500000,11900000,32100000,997687,0,0,0,0,280,0,0,0,0,0,0,0,1,0,0,0,29200,40,7005531,0,7005531,7005531,18700000,12200000,32100000,8016030,8
54799,63104427,0,0,0,10500000,11900000,32100000,996632,63100000,10500000,11900000,32100000,996632,0,0,0,0,280,0,0,0,0,0,0,0,1,0,0,0,29200,40,7008569,0,7008569,7008569,18700000,12200000,32100000,8015891,8
72868,119787335,6,2,3,5989366,12100000,52400000,73,120000000,7046309,12900000,52400000,507,52400000,29400000,73200000,31600000,616,100,0,520,260,265,70672,0,1,0,272,2,29200,32,4516248,3917526,7004397,500,17700000,17900000,52400000,5403434,8
54785,3272101,0,0,0,3272101,0,3272101,3272101,3272101,3272101,0,3272101,3272101,0,0,0,0,64,0,0,356,356,0,0,0,0,1,534,0,229,32,0,0,0,0,0,0,0,0,8
54777,2999865,0,0,0,374983,487991,1370329,3,2999865,428552,501040,1370329,3,0,0,0,0,264,40,0,356,178,187,35204,0,1,0,197,0,29200,32,0,0,0,0,0,0,0,0,8
72880,107654625,0,0,0,13500000,36900000,105000000,93,108000000,21500000,46500000,105000000,518,52300000,74000000,105000000,1184,216,104,0,520,53,164,26906,0,1,0,59,0,29200,32,3012492,0,3012492,3012492,105000000,0,105000000,105000000,8
12895,63,535,267,378,31,41,61,2,0,0,0,0,0,2,0,2,2,32,64,31746,1448,857,715,512230,0,0,1,1143,267,235,32,0,0,0,0,0,0,0,0,8
54755,63149384,0,0,0,10500000,11900000,32100000,997683,63100000,10500000,11900000,32100000,997683,0,0,0,0,280,0,0,0,0,0,0,0,1,0,0,0,29200,40,7005765,0,7005765,7005765,18700000,12300000,32100000,8015758,8
72862,63091675,0,0,0,10500000,11900000,32000000,996185,63100000,10500000,11900000,32000000,996185,0,0,0,0,280,0,0,0,0,0,0,0,1,0,0,0,29200,40,7012131,0,7012131,7012131,18700000,12200000,32000000,8015940,8
72722,107653493,0,0,0,15400000,40200000,107000000,50,108000000,26900000,53200000,107000000,840,53300000,75400000,107000000,3001,176,104,0,520,58,172,29923,0,1,0,66,0,29200,32,1000151,0,1000151,1000151,107000000,0,107000000,107000000,8
55064,63153301,0,0,0,10500000,11900000,32100000,997930,63200000,10500000,11900000,32100000,997930,0,0,0,0,280,0,0,0,0,0,0,0,1,0,0,0,29200,40,7009908,0,7009908,7009908,18700000,12300000,32100000,8015686,8
72713,20997609,0,0,0,10500000,14800000,21000000,66,21000000,21000000,0,21000000,21000000,0,0,0,0,64,32,0,13,6,7,56,0,0,1,8,0,229,32,0,0,0,0,0,0,0,0,8
72524,63137264,0,0,0,10500000,11900000,32100000,997798,63100000,10500000,11900000,32100000,997798,0,0,0,0,280,0,0,0,0,0,0,0,1,0,0,0,29200,40,7009766,0,7009766,7009766,18700000,12200000,32100000,8015859,8
12652,195740,1983,661,1144,65246,80184,154763,4,0,0,0,0,0,77383,109431,154763,4,32,96,15,1983,396,886,786457,0,0,1,495,661,229,32,0,0,0,0,0,0,0,0,8
55431,20997048,0,0,0,10500000,14800000,21000000,53,21000000,21000000,0,21000000,21000000,0,0,0,0,64,32,0,7,3,4,16,0,0,1,4,0,229,32,0,0,0,0,0,0,0,0,8
72514,63118677,0,0,0,10500000,11900000,32100000,999342,63100000,10500000,11900000,32100000,999342,0,0,0,0,280,0,0,0,0,0,0,0,1,0,0,0,29200,40,7007288,0,7007288,7007288,18700000,12200000,32100000,8015906,8
55433,4,0,0,0,4,0,4,4,0,0,0,0,0,0,0,0,0,32,32,250000,1983,1322,1144,1310763,0,0,1,1983,0,235,32,0,0,0,0,0,0,0,0,8
55436,63115809,0,0,0,10500000,11900000,32100000,996169,63100000,10500000,11900000,32100000,996169,0,0,0,0,280,0,0,0,0,0,0,0,1,0,0,0,29200,40,7004107,0,7004107,7004107,18700000,12200000,32100000,8015931,8
12645,22330,1983,991,1402,11165,15782,22325,5,0,0,0,0,0,5,0,5,5,32,64,89,1983,495,991,983072,0,0,1,661,991,229,32,0,0,0,0,0,0,0,0,8
12644,63104469,0,0,0,10500000,11900000,32100000,996900,63100000,10500000,11900000,32100000,996900,0,0,0,0,280,0,0,0,0,0,0,0,1,0,0,0,29200,40,7008846,0,7008846,7008846,18700000,12200000,32100000,8015946,8
55451,63136609,0,0,0,10500000,11900000,32100000,997295,63100000,10500000,11900000,32100000,997295,0,0,0,0,280,0,0,0,0,0,0,0,1,0,0,0,29200,40,7009254,0,7009254,7009254,18700000,12200000,32100000,8015683,8
12641,63122304,0,0,0,10500000,11900000,32100000,998729,63100000,10500000,11900000,32100000,998729,0,0,0,0,280,0,0,0,0,0,0,0,1,0,0,0,29200,40,7010688,0,7010688,7010688,18700000,12200000,32100000,8015893,8
55470,105620974,0,0,0,15100000,39500000,105000000,71,106000000,26400000,52100000,105000000,427,52300000,74000000,105000000,1142,176,104,0,520,59,172,29841,0,1,0,67,0,29200,32,1000349,0,1000349,1000349,105000000,0,105000000,105000000,8
72482,3333309,0,0,0,666661,1490129,3332287,61,3333309,1111103,1923654,3332348,388,911,0,911,911,136,72,0,356,50,134,18105,0,1,0,59,0,29200,32,0,0,0,0,0,0,0,0,8
55503,108615772,0,0,0,18100000,44300000,109000000,58,109000000,36200000,62700000,109000000,654,54300000,76800000,109000000,5216,136,104,0,351,45,123,15267,0,1,0,51,0,29200,32,5274,0,5274,5274,109000000,0,109000000,109000000,8
72474,63151363,0,0,0,10500000,11900000,32100000,995893,63200000,10500000,11900000,32100000,995893,0,0,0,0,280,0,0,0,0,0,0,0,1,0,0,0,29200,40,7008078,0,7008078,7008078,18700000,12300000,32100000,8015953,8
55505,63128819,0,0,0,10500000,11900000,32100000,997414,63100000,10500000,11900000,32100000,997414,0,0,0,0,280,0,0,0,0,0,0,0,1,0,0,0,29200,40,7009350,0,7009350,7009350,18700000,12200000,32100000,8023935,8
72471,3271983,0,0,0,3271983,0,3271983,3271983,3271983,3271983,0,3271983,3271983,0,0,0,0,64,0,0,187,187,0,0,0,0,1,280,0,229,32,0,0,0,0,0,0,0,0,8
72461,105605683,0,0,0,15100000,39500000,105000000,75,106000000,26400000,52100000,105000000,415,52300000,74000000,105000000,1083,176,104,0,520,58,173,29961,0,1,0,65,0,29200,32,1000999,0,1000999,1000999,105000000,0,105000000,105000000,8
55650,117406,1983,661,1144,39135,38627,77239,4,0,0,0,0,0,38621,54613,77239,4,32,96,25,1983,396,886,786457,0,0,1,495,661,229,32,0,0,0,0,0,0,0,0,8
12573,63112956,0,0,0,10500000,11900000,32100000,997220,63100000,10500000,11900000,32100000,997220,0,0,0,0,280,0,0,0,0,0,0,0,1,0,0,0,29200,40,7009375,0,7009375,7009375,18700000,12200000,32100000,8007945,8
55632,63101770,0,0,0,10500000,11900000,32100000,998324,63100000,10500000,11900000,32100000,998324,0,0,0,0,280,0,0,0,0,0,0,0,1,0,0,0,29200,40,7006272,0,7006272,7006272,18700000,12200000,32100000,8015928,8
72419,63145985,0,0,0,10500000,11900000,32100000,998690,63100000,10500000,11900000,32100000,998690,0,0,0,0,280,0,0,0,0,0,0,0,1,0,0,0,29200,40,7010679,0,7010679,7010679,18700000,12300000,32100000,8007941,8
55590,63104303,0,0,0,10500000,11900000,32100000,996556,63100000,10500000,11900000,32100000,996556,0,0,0,0,280,0,0,0,0,0,0,0,1,0,0,0,29200,40,7008549,0,7008549,7008549,18700000,12200000,32100000,8015914,8
12595,20996911,0,0,0,10500000,14800000,21000000,34,21000000,21000000,0,21000000,21000000,0,0,0,0,64,32,0,8,4,4,21,0,0,1,5,0,229,32,0,0,0,0,0,0,0,0,8
72529,107570559,0,0,0,5976142,12000000,49200000,47,108000000,6723159,12600000,49200000,420,31500000,0,31500000,31500000,576,80,0,520,260,266,70995,0,1,0,274,0,29200,32,6709324,9487965,13400000,319,11200000,6580106,19900000,5795377,8
6306,2999541,0,0,0,374942,488006,1370196,3,2999541,428505,501062,1370196,3,0,0,0,0,264,40,0,187,93,98,9713,0,1,0,103,0,29200,32,0,0,0,0,0,0,0,0,8
55560,11,0,0,0,11,0,11,11,0,0,0,0,0,0,0,0,0,32,32,90909,1983,1322,1144,1310763,0,0,1,1983,0,235,32,0,0,0,0,0,0,0,0,8
6301,136,6,6,0,136,0,136,136,0,0,0,0,0,0,0,0,0,32,20,7352,520,348,296,88065,0,0,1,523,6,229,32,0,0,0,0,0,0,0,0,8
55554,20996909,0,0,0,10500000,14800000,21000000,4,21000000,21000000,0,21000000,21000000,0,0,0,0,64,32,0,15,7,8,75,0,0,1,10,0,229,32,0,0,0,0,0,0,0,0,8
12608,63102026,0,0,0,10500000,11900000,32100000,998321,63100000,10500000,11900000,32100000,998321,0,0,0,0,280,0,0,0,0,0,0,0,1,0,0,0,29200,40,7006266,0,7006266,7006266,18700000,12200000,32100000,8015960,8
12610,108162249,0,0,0,12000000,33500000,101000000,48,108000000,18000000,40700000,101000000,439,50600000,71500000,101000000,1066,256,104,0,520,47,156,24528,0,1,0,52,0,29200,32,7015092,0,7015092,7015092,101000000,0,101000000,101000000,8
55540,13087846,0,0,0,13100000,0,13100000,13100000,13100000,13100000,0,13100000,13100000,0,0,0,0,64,0,0,356,356,0,0,0,0,1,534,0,229,32,0,0,0,0,0,0,0,0,8
6303,106737012,0,0,0,9703364,31100000,104000000,49,107000000,13300000,36400000,104000000,779,53400000,70900000,104000000,3208307,296,104,0,520,240,269,72369,0,1,0,260,0,29200,32,3208356,0,3208356,3208356,104000000,0,104000000,104000000,8
54620,63099459,0,0,0,10500000,11900000,32000000,999941,63100000,10500000,11900000,32000000,999941,0,0,0,0,280,0,0,0,0,0,0,0,1,0,0,0,29200,40,7011882,0,7011882,7011882,18700000,12200000,32000000,8023927,8
55404,63099630,0,0,0,10500000,11900000,32100000,996056,63100000,10500000,11900000,32100000,996056,0,0,0,0,280,0,0,0,0,0,0,0,1,0,0,0,29200,40,7004036,0,7004036,7004036,18700000,12200000,32100000,8015893,8
55380,4,0,0,0,4,0,4,4,0,0,0,0,0,0,0,0,0,32,32,250000,1983,1322,1144,1310763,0,0,1,1983,0,235,32,0,0,0,0,0,0,0,0,8
55076,63103520,0,0,0,10500000,11900000,32100000,999912,63100000,10500000,11900000,32100000,999912,0,0,0,0,280,0,0,0,0,0,0,0,1,0,0,0,29200,40,7007833,0,7007833,7007833,18700000,12200000,32100000,8015901,8
55085,2,0,0,0,2,0,2,2,0,0,0,0,0,0,0,0,0,32,32,500000,1983,1322,1144,1310763,0,0,1,1983,0,235,32,0,0,0,0,0,0,0,0,8
6212,3267965,0,0,0,3267965,0,3267965,3267965,3267965,3267965,0,3267965,3267965,0,0,0,0,64,0,0,187,187,0,0,0,0,1,280,0,229,32,0,0,0,0,0,0,0,0,8
55087,63111522,0,0,0,10500000,11900000,32100000,995977,63100000,10500000,11900000,32100000,995977,0,0,0,0,280,0,0,0,0,0,0,0,1,0,0,0,29200,40,7007894,0,7007894,7007894,18700000,12200000,32100000,8007743,8
55095,63105140,0,0,0,10500000,11900000,32100000,997589,63100000,10500000,11900000,32100000,997589,0,0,0,0,280,0,0,0,0,0,0,0,1,0,0,0,29200,40,7009557,0,7009557,7009557,18700000,12200000,32100000,8015918,8
55100,63138286,0,0,0,10500000,11900000,32100000,999087,63100000,10500000,11900000,32100000,999087,0,0,0,0,280,0,0,0,0,0,0,0,1,0,0,0,29200,40,7011109,0,7011109,7011109,18700000,12200000,32100000,8015724,8
12763,63143102,0,0,0,10500000,11900000,32100000,999658,63100000,10500000,11900000,32100000,999658,0,0,0,0,280,0,0,0,0,0,0,0,1,0,0,0,29200,40,7015581,0,7015581,7015581,18700000,12200000,32100000,8015719,8
55110,63093873,0,0,0,10500000,11900000,32000000,998506,63100000,10500000,11900000,32000000,998506,0,0,0,0,280,0,0,0,0,0,0,0,1,0,0,0,29200,40,7014436,0,7014436,7014436,18700000,12200000,32000000,8015926,8
55131,63079878,0,0,0,10500000,11900000,32000000,996043,63100000,10500000,11900000,32000000,996043,0,0,0,0,280,0,0,0,0,0,0,0,1,0,0,0,29200,40,7007941,0,7007941,7007941,18700000,12200000,32000000,8007961,8
55155,63122436,0,0,0,10500000,11900000,32100000,999108,63100000,10500000,11900000,32100000,999108,0,0,0,0,280,0,0,0,0,0,0,0,1,0,0,0,29200,40,7011051,0,7011051,7011051,18700000,12200000,32100000,8015942,8
55163,63099455,0,0,0,10500000,11900000,32000000,999916,63100000,10500000,11900000,32000000,999916,0,0,0,0,280,0,0,0,0,0,0,0,1,0,0,0,29200,40,7011858,0,7011858,7011858,18700000,12200000,32000000,8023882,8
72662,13087646,0,0,0,13100000,0,13100000,13100000,13100000,13100000,0,13100000,13100000,0,0,0,0,64,0,0,356,356,0,0,0,0,1,534,0,229,32,0,0,0,0,0,0,0,0,8
12738,63116569,0,0,0,10500000,11900000,32100000,997249,63100000,10500000,11900000,32100000,997249,0,0,0,0,280,0,0,0,0,0,0,0,1,0,0,0,29200,40,7005199,0,7005199,7005199,18700000,12200000,32100000,8015898,8
12737,75,0,0,0,75,0,75,75,0,0,0,0,0,0,0,0,0,32,32,13333,0,0,0,0,0,0,1,0,0,460,32,0,0,0,0,0,0,0,0,8
72642,63101481,0,0,0,10500000,11900000,32100000,997724,63100000,10500000,11900000,32100000,997724,0,0,0,0,280,0,0,0,0,0,0,0,1,0,0,0,29200,40,7005476,0,7005476,7005476,18700000,12200000,32100000,8016116,8
6227,63099795,0,0,0,10500000,11900000,32100000,996385,63100000,10500000,11900000,32100000,996385,0,0,0,0,280,0,0,0,0,0,0,0,1,0,0,0,29200,40,7004336,0,7004336,7004336,18700000,12200000,32100000,8015942,8
72634,63158068,0,0,0,10500000,11900000,32100000,998906,63200000,10500000,11900000,32100000,998906,0,0,0,0,280,0,0,0,0,0,0,0,1,0,0,0,29200,40,7014852,0,7014852,7014852,18700000,12300000,32100000,8015891,8
72551,63110301,0,0,0,10500000,11900000,32100000,998862,63100000,10500000,11900000,32100000,998862,0,0,0,0,280,0,0,0,0,0,0,0,1,0,0,0,29200,40,7014725,0,7014725,7014725,18700000,12200000,32100000,8015900,8
55364,63141223,0,0,0,10500000,11900000,32100000,997882,63100000,10500000,11900000,32100000,997882,0,0,0,0,280,0,0,0,0,0,0,0,1,0,0,0,29200,40,7013780,0,7013780,7013780,18700000,12200000,32100000,8015949,8
6260,63135605,0,0,0,10500000,11900000,32100000,996045,63100000,10500000,11900000,32100000,996045,0,0,0,0,280,0,0,0,0,0,0,0,1,0,0,0,29200,40,7007993,0,7007993,7007993,18700000,12200000,32100000,8015832,8
55358,63106266,0,0,0,10500000,11900000,32100000,998764,63100000,10500000,11900000,32100000,998764,0,0,0,0,280,0,0,0,0,0,0,0,1,0,0,0,29200,40,7010645,0,7010645,7010645,18700000,12200000,32100000,8015977,8
55319,2999813,0,0,0,374976,488069,1370506,4,2999813,428544,501130,1370506,4,0,0,0,0,264,40,0,187,93,98,9713,0,1,0,103,0,29200,32,0,0,0,0,0,0,0,0,8
72578,63108956,0,0,0,10500000,11900000,32100000,997210,63100000,10500000,11900000,32100000,997210,0,0,0,0,280,0,0,0,0,0,0,0,1,0,0,0,29200,40,7013142,0,7013142,7013142,18700000,12200000,32100000,8015969,8
6264,63112387,0,0,0,10500000,11900000,32100000,996924,63100000,10500000,11900000,32100000,996924,0,0,0,0,280,0,0,0,0,0,0,0,1,0,0,0,29200,40,7008790,0,7008790,7008790,18700000,12200000,32100000,8007768,8
55296,63118562,0,0,0,10500000,11900000,32100000,999272,63100000,10500000,11900000,32100000,999272,0,0,0,0,280,0,0,0,0,0,0,0,1,0,0,0,29200,40,7007218,0,7007218,7007218,18700000,12200000,32100000,8015933,8
55253,63129806,0,0,0,10500000,11900000,32100000,998560,63100000,10500000,11900000,32100000,998560,0,0,0,0,280,0,0,0,0,0,0,0,1,0,0,0,29200,40,7010491,0,7010491,7010491,18700000,12200000,32100000,8023956,8
72607,109676031,0,0,0,18300000,44800000,110000000,57,110000000,36600000,63300000,110000000,626,54800000,77500000,110000000,5181,136,104,0,520,65,183,33710,0,1,0,75,0,29200,32,5260,0,5260,5260,110000000,0,110000000,110000000,8
55217,63152786,0,0,0,10500000,11900000,32100000,997569,63200000,10500000,11900000,32100000,997569,0,0,0,0,280,0,0,0,0,0,0,0,1,0,0,0,29200,40,7009298,0,7009298,7009298,18700000,12300000,32100000,8015914,8
6231,63101343,0,0,0,10500000,11900000,32100000,997959,63100000,10500000,11900000,32100000,997959,0,0,0,0,280,0,0,0,0,0,0,0,1,0,0,0,29200,40,7005889,0,7005889,7005889,18700000,12200000,32100000,8015968,8
55211,5,0,0,0,5,0,5,5,0,0,0,0,0,0,0,0,0,32,32,200000,1983,1322,1144,1310763,0,0,1,1983,0,235,32,0,0,0,0,0,0,0,0,8
72629,63109822,0,0,0,10500000,11900000,32100000,998223,63100000,10500000,11900000,32100000,998223,0,0,0,0,280,0,0,0,0,0,0,0,1,0,0,0,29200,40,7014514,0,7014514,7014514,18700000,12200000,32100000,8015783,8
6239,63080260,0,0,0,10500000,11900000,32000000,996554,63100000,10500000,11900000,32000000,996554,0,0,0,0,280,0,0,0,0,0,0,0,1,0,0,0,29200,40,7008485,0,7008485,7008485,18700000,12200000,32000000,8007964,8
54616,63108744,0,0,0,10500000,11900000,32100000,996925,63100000,10500000,11900000,32100000,996925,0,0,0,0,280,0,0,0,0,0,0,0,1,0,0,0,29200,40,7012957,0,7012957,7012957,18700000,12200000,32100000,8015942,8
12953,63145734,0,0,0,10500000,11900000,32100000,998270,63100000,10500000,11900000,32100000,998270,0,0,0,0,280,0,0,0,0,0,0,0,1,0,0,0,29200,40,7010236,0,7010236,7010236,18700000,12300000,32100000,8007758,8
72961,63141295,0,0,0,10500000,11900000,32100000,997939,63100000,10500000,11900000,32100000,997939,0,0,0,0,280,0,0,0,0,0,0,0,1,0,0,0,29200,40,7013659,0,7013659,7013659,18700000,12200000,32100000,8015928,8
53827,109660430,0,0,0,18300000,44800000,110000000,29,110000000,36600000,63300000,110000000,587,54800000,77500000,110000000,5217,136,104,0,520,66,183,33595,0,1,0,76,0,29200,32,5282,0,5282,5282,110000000,0,110000000,110000000,8
5949,3211934,0,0,0,3211934,0,3211934,3211934,3211934,3211934,0,3211934,3211934,0,0,0,0,64,0,0,356,356,0,0,0,0,1,534,0,229,32,0,0,0,0,0,0,0,0,8
73357,63148757,0,0,0,10500000,11900000,32100000,997343,63100000,10500000,11900000,32100000,997343,0,0,0,0,280,0,0,0,0,0,0,0,1,0,0,0,29200,40,7005300,0,7005300,7005300,18700000,12300000,32100000,8015904,8
53855,20996639,0,0,0,10500000,14800000,21000000,86,21000000,21000000,0,21000000,21000000,0,0,0,0,64,32,0,5,2,2,8,0,0,1,3,0,229,32,0,0,0,0,0,0,0,0,8
13240,63126736,0,0,0,10500000,11900000,32100000,999219,63100000,10500000,11900000,32100000,999219,0,0,0,0,280,0,0,0,0,0,0,0,1,0,0,0,29200,40,7015171,0,7015171,7015171,18700000,12200000,32100000,8015922,8
53867,107649438,0,0,0,13500000,36900000,105000000,63,108000000,21500000,46500000,105000000,509,52300000,74000000,105000000,1206,216,104,0,520,53,163,26889,0,1,0,59,0,29200,32,3007368,0,3007368,3007368,105000000,0,105000000,105000000,8
53870,63127413,0,0,0,10500000,11900000,32100000,996167,63100000,10500000,11900000,32100000,996167,0,0,0,0,280,0,0,0,0,0,0,0,1,0,0,0,29200,40,7008111,0,7008111,7008111,18700000,12200000,32100000,8023866,8
53875,63109291,0,0,0,10500000,11900000,32100000,997830,63100000,10500000,11900000,32100000,997830,0,0,0,0,280,0,0,0,0,0,0,0,1,0,0,0,29200,40,7013581,0,7013581,7013581,18700000,12200000,32100000,8016119,8
13238,63095994,0,0,0,10500000,11900000,32000000,996381,63100000,10500000,11900000,32000000,996381,0,0,0,0,280,0,0,0,0,0,0,0,1,0,0,0,29200,40,7008302,0,7008302,7008302,18700000,12200000,32000000,8023970,8
73338,13071907,0,0,0,13100000,0,13100000,13100000,13100000,13100000,0,13100000,13100000,0,0,0,0,64,0,0,356,356,0,0,0,0,1,534,0,229,32,0,0,0,0,0,0,0,0,8
53883,109733179,0,0,0,18300000,44800000,110000000,37,110000000,36600000,63300000,110000000,624,54900000,77600000,110000000,5328,136,104,0,520,66,183,33579,0,1,0,76,0,29200,32,5398,0,5398,5398,110000000,0,110000000,110000000,8
73320,110797944,0,0,0,15800000,41200000,109000000,52,111000000,27700000,54400000,109000000,830,54700000,77300000,109000000,5445,168,104,0,520,58,172,29923,0,1,0,66,0,29200,32,5521,0,5521,5521,109000000,0,109000000,109000000,8
53945,106514771,0,0,0,13300000,36500000,104000000,91,107000000,21300000,46000000,104000000,239,51800000,73200000,104000000,1087,216,104,0,520,53,164,26897,0,1,0,59,0,29200,32,3002770,0,3002770,3002770,104000000,0,104000000,104000000,8
73309,10712,1964,654,1133,1530,1718,4773,58,10712,2678,1849,4773,709,4099,1858,5413,2785,168,104,280,1964,257,650,423248,0,1,0,290,654,29200,32,0,0,0,0,0,0,0,0,8
53950,105739724,6,2,3,6219983,13200000,52400000,77,106000000,7552829,14200000,52400000,620,52400000,29400000,73200000,31600000,496,100,0,520,301,263,69377,0,1,0,318,2,29200,32,3766729,5326138,7532878,580,19600000,19300000,52400000,5403338,8
53954,63093235,0,0,0,10500000,11900000,32000000,997419,63100000,10500000,11900000,32000000,997419,0,0,0,0,280,0,0,0,0,0,0,0,1,0,0,0,29200,40,7013357,0,7013357,7013357,18700000,12200000,32000000,8015834,8
5972,63121310,0,0,0,10500000,11900000,32100000,997692,63100000,10500000,11900000,32100000,997692,0,0,0,0,280,0,0,0,0,0,0,0,1,0,0,0,29200,40,7009633,0,7009633,7009633,18700000,12200000,32100000,8015918,8
54039,39615,1448,661,732,13205,22828,39565,1,0,0,0,0,0,25,33,49,1,32,96,75,1448,396,631,399117,0,0,1,495,661,229,32,0,0,0,0,0,0,0,0,8
73246,63091749,0,0,0,10500000,11900000,32000000,999957,63100000,10500000,11900000,32000000,999957,0,0,0,0,280,0,0,0,0,0,0,0,1,0,0,0,29200,40,7011897,0,7011897,7011897,18700000,12200000,32000000,8015939,8
54033,63123788,0,0,0,10500000,11900000,32100000,996502,63100000,10500000,11900000,32100000,996502,0,0,0,0,280,0,0,0,0,0,0,0,1,0,0,0,29200,40,7012433,0,7012433,7012433,18700000,12200000,32100000,8015931,8
26751,109478452,0,0,0,18200000,44700000,109000000,44,109000000,36500000,63200000,109000000,616,54700000,77400000,109000000,5238,136,104,0,520,66,183,33549,0,1,0,76,0,29200,32,5282,0,5282,5282,109000000,0,109000000,109000000,8
25121,63094791,0,0,0,10500000,11900000,32000000,999203,63100000,10500000,11900000,32000000,999203,0,0,0,0,280,0,0,0,0,0,0,0,1,0,0,0,29200,40,7015166,0,7015166,7015166,18700000,12200000,32000000,8015882,8
27126,20998223,0,0,0,10500000,14800000,21000000,77,21000000,21000000,0,21000000,21000000,0,0,0,0,64,32,0,14,7,8,65,0,0,1,9,0,229,32,0,0,0,0,0,0,0,0,8
700,63132460,0,0,0,10500000,11900000,32100000,996939,63100000,10500000,11900000,32100000,996939,0,0,0,0,280,0,0,0,0,0,0,0,1,0,0,0,29200,40,7004867,0,7004867,7004867,18700000,12200000,32100000,8015948,8
87611,5,0,0,0,5,0,5,5,0,0,0,0,0,0,0,0,0,32,32,200000,1983,1322,1144,1310763,0,0,1,1983,0,235,32,0,0,0,0,0,0,0,0,8
22920,109119967,0,0,0,18200000,44500000,109000000,47,109000000,36400000,63000000,109000000,614,54600000,77200000,109000000,5223,136,104,0,351,44,123,15307,0,1,0,51,0,29200,32,5275,0,5275,5275,109000000,0,109000000,109000000,8
84876,202877,1983,661,1144,67625,84166,161889,5,0,0,0,0,0,80947,114469,161889,5,32,96,14,1983,396,886,786457,0,0,1,495,661,229,32,0,0,0,0,0,0,0,0,8
28989,63138114,0,0,0,10500000,11900000,32100000,998912,63100000,10500000,11900000,32100000,998912,0,0,0,0,280,0,0,0,0,0,0,0,1,0,0,0,29200,40,7010844,0,7010844,7010844,18700000,12200000,32100000,8015830,8
85775,63143111,0,0,0,10500000,11900000,32100000,999919,63100000,10500000,11900000,32100000,999919,0,0,0,0,280,0,0,0,0,0,0,0,1,0,0,0,29200,40,7015873,0,7015873,7015873,18700000,12200000,32100000,8015904,8
21891,111083652,0,0,0,15900000,41300000,110000000,15,111000000,27800000,54500000,110000000,363,54800000,77500000,110000000,5393,168,104,0,520,58,172,29923,0,1,0,66,0,29200,32,5408,0,5408,5408,110000000,0,110000000,110000000,8
85450,110854920,0,0,0,15800000,41200000,109000000,24,111000000,27700000,54400000,109000000,678,54700000,77300000,109000000,5265,168,104,0,520,59,172,29852,0,1,0,66,0,29200,32,5371,0,5371,5371,109000000,0,109000000,109000000,8
27447,63131613,0,0,0,10500000,11900000,32100000,996242,63100000,10500000,11900000,32100000,996242,0,0,0,0,280,0,0,0,0,0,0,0,1,0,0,0,29200,40,7004171,0,7004171,7004171,18700000,12200000,32100000,8015941,8
1203,63144440,0,0,0,10500000,11900000,32100000,996966,63100000,10500000,11900000,32100000,996966,0,0,0,0,280,0,0,0,0,0,0,0,1,0,0,0,29200,40,7008907,0,7008907,7008907,18700000,12300000,32100000,8007958,8
31517,107670143,0,0,0,13500000,36900000,105000000,55,108000000,21500000,46500000,105000000,209,52300000,74000000,105000000,1983,216,104,0,520,52,164,26964,0,1,0,58,0,29200,32,3004813,0,3004813,3004813,105000000,0,105000000,105000000,8
28424,63115124,0,0,0,10500000,11900000,32100000,999447,63100000,10500000,11900000,32100000,999447,0,0,0,0,280,0,0,0,0,0,0,0,1,0,0,0,29200,40,7011389,0,7011389,7011389,18700000,12200000,32100000,8007924,8
85341,63133625,0,0,0,10500000,11900000,32100000,998225,63100000,10500000,11900000,32100000,998225,0,0,0,0,280,0,0,0,0,0,0,0,1,0,0,0,29200,40,7006204,0,7006204,7006204,18700000,12200000,32100000,8015937,8
22126,108157071,0,0,0,12000000,33500000,101000000,48,108000000,18000000,40700000,101000000,438,50600000,71500000,101000000,1162,256,104,0,520,48,156,24453,0,1,0,53,0,29200,32,7009991,0,7009991,7009991,101000000,0,101000000,101000000,8
30533,3275859,0,0,0,3275859,0,3275859,3275859,3275859,3275859,0,3275859,3275859,0,0,0,0,64,0,0,187,187,0,0,0,0,1,280,0,229,32,0,0,0,0,0,0,0,0,8
1283,63150671,0,0,0,10500000,11900000,32100000,999255,63200000,10500000,11900000,32100000,999255,0,0,0,0,280,0,0,0,0,0,0,0,1,0,0,0,29200,40,7007210,0,7007210,7007210,18700000,12300000,32100000,8015948,8
85453,105295669,0,0,0,13200000,36000000,102000000,22,105000000,21100000,45400000,102000000,237,51100000,72300000,102000000,1058,216,104,0,520,53,164,26897,0,1,0,59,0,29200,32,3002875,0,3002875,3002875,102000000,0,102000000,102000000,8
28941,63137874,0,0,0,10500000,11900000,32100000,998240,63100000,10500000,11900000,32100000,998240,0,0,0,0,280,0,0,0,0,0,0,0,1,0,0,0,29200,40,7010371,0,7010371,7010371,18700000,12200000,32100000,8015919,8
31834,63104358,0,0,0,10500000,11900000,32100000,996746,63100000,10500000,11900000,32100000,996746,0,0,0,0,280,0,0,0,0,0,0,0,1,0,0,0,29200,40,7008614,0,7008614,7008614,18700000,12200000,32100000,8015960,8
26455,20996728,0,0,0,10500000,14800000,21000000,75,21000000,21000000,0,21000000,21000000,0,0,0,0,64,32,0,9,4,5,27,0,0,1,6,0,229,32,0,0,0,0,0,0,0,0,8
85879,2999817,0,0,0,374977,488058,1370526,4,2999817,428545,501117,1370526,4,0,0,0,0,264,40,0,356,178,187,35204,0,1,0,197,0,29200,32,0,0,0,0,0,0,0,0,8
26463,106525101,0,0,0,13300000,36500000,104000000,67,107000000,21300000,46000000,104000000,476,51800000,73200000,104000000,1291,216,104,0,520,53,164,26924,0,1,0,59,0,29200,32,3001349,0,3001349,3001349,104000000,0,104000000,104000000,8
22700,41107,1983,991,1402,20553,29061,41103,4,0,0,0,0,0,4,0,4,4,32,64,48,1983,495,991,983072,0,0,1,661,991,229,32,0,0,0,0,0,0,0,0,8
24077,63092379,0,0,0,10500000,11900000,32000000,996513,63100000,10500000,11900000,32000000,996513,0,0,0,0,280,0,0,0,0,0,0,0,1,0,0,0,29200,40,7012384,0,7012384,7012384,18700000,12200000,32000000,8015896,8
86625,63162693,0,0,0,10500000,11900000,32100000,999327,63200000,10500000,11900000,32100000,999327,0,0,0,0,280,0,0,0,0,0,0,0,1,0,0,0,29200,40,7011240,0,7011240,7011240,18700000,12300000,32100000,8023950,8
26761,63128325,0,0,0,10500000,11900000,32100000,996735,63100000,10500000,11900000,32100000,996735,0,0,0,0,280,0,0,0,0,0,0,0,1,0,0,0,29200,40,7008661,0,7008661,7008661,18700000,12200000,32100000,8023965,8
22124,63115760,0,0,0,10500000,11900000,32100000,996020,63100000,10500000,11900000,32100000,996020,0,0,0,0,280,0,0,0,0,0,0,0,1,0,0,0,29200,40,7004106,0,7004106,7004106,18700000,12200000,32100000,8015977,8
239,109967320,0,0,0,18300000,44900000,110000000,41,110000000,36700000,63500000,110000000,590,55000000,77800000,110000000,5270,136,104,0,520,65,183,33693,0,1,0,75,0,29200,32,5311,0,5311,5311,110000000,0,110000000,110000000,8
32376,3276141,0,0,0,3276141,0,3276141,3276141,3276141,3276141,0,3276141,3276141,0,0,0,0,64,0,0,356,356,0,0,0,0,1,534,0,229,32,0,0,0,0,0,0,0,0,8
26762,107674208,0,0,0,17900000,44000000,108000000,60,108000000,35900000,62200000,108000000,860,53800000,76100000,108000000,5206,136,104,0,520,66,183,33579,0,1,0,76,0,29200,32,5300,0,5300,5300,108000000,0,108000000,108000000,8
21617,63084885,0,0,0,10500000,11900000,32000000,997032,63100000,10500000,11900000,32000000,997032,0,0,0,0,280,0,0,0,0,0,0,0,1,0,0,0,29200,40,7005016,0,7005016,7005016,18700000,12200000,32000000,8015735,8
27141,63125068,0,0,0,10500000,11900000,32100000,997667,63100000,10500000,11900000,32100000,997667,0,0,0,0,280,0,0,0,0,0,0,0,1,0,0,0,29200,40,7013607,0,7013607,7013607,18700000,12200000,32100000,8015729,8
85457,63117458,0,0,0,10500000,11900000,32100000,998013,63100000,10500000,11900000,32100000,998013,0,0,0,0,280,0,0,0,0,0,0,0,1,0,0,0,29200,40,7005792,0,7005792,7005792,18700000,12200000,32100000,8016162,8
29677,63111131,0,0,0,10500000,11900000,32100000,999492,63100000,10500000,11900000,32100000,999492,0,0,0,0,280,0,0,0,0,0,0,0,1,0,0,0,29200,40,7015244,0,7015244,7015244,18700000,12200000,32100000,8016138,8
630,109333090,0,0,0,18200000,44600000,109000000,78,109000000,36400000,63100000,109000000,619,54700000,77300000,109000000,5253,136,104,0,351,46,123,15214,0,1,0,52,0,29200,32,5344,0,5344,5344,109000000,0,109000000,109000000,8
26765,63161754,0,0,0,10500000,11900000,32100000,998379,63200000,10500000,11900000,32100000,998379,0,0,0,0,280,0,0,0,0,0,0,0,1,0,0,0,29200,40,7010323,0,7010323,7010323,18700000,12300000,32100000,8023904,8
22703,109655382,0,0,0,18300000,44800000,110000000,72,110000000,36600000,63300000,110000000,619,54800000,77500000,110000000,5223,136,104,0,351,45,123,15258,0,1,0,52,0,29200,32,5334,0,5334,5334,110000000,0,110000000,110000000,8
24711,63103286,0,0,0,10500000,11900000,32100000,999826,63100000,10500000,11900000,32100000,999826,0,0,0,0,280,0,0,0,0,0,0,0,1,0,0,0,29200,40,7007585,0,7007585,7007585,18700000,12200000,32100000,8015935,8
22184,63124197,0,0,0,10500000,11900000,32100000,996628,63100000,10500000,11900000,32100000,996628,0,0,0,0,280,0,0,0,0,0,0,0,1,0,0,0,29200,40,7012553,0,7012553,7012553,18700000,12200000,32100000,8015946,8
29671,63090650,0,0,0,10500000,11900000,32000000,998989,63100000,10500000,11900000,32000000,998989,0,0,0,0,280,0,0,0,0,0,0,0,1,0,0,0,29200,40,7010915,0,7010915,7010915,18700000,12200000,32000000,8015947,8
23650,63120924,0,0,0,10500000,11900000,32100000,997423,63100000,10500000,11900000,32100000,997423,0,0,0,0,280,0,0,0,0,0,0,0,1,0,0,0,29200,40,7009241,0,7009241,7009241,18700000,12200000,32100000,8016000,8
28238,63163100,0,0,0,10500000,11900000,32100000,999929,63200000,10500000,11900000,32100000,999929,0,0,0,0,280,0,0,0,0,0,0,0,1,0,0,0,29200,40,7011869,0,7011869,7011869,18700000,12300000,32100000,8023736,8
32352,63088488,0,0,0,10500000,11900000,32000000,996651,63100000,10500000,11900000,32000000,996651,0,0,0,0,280,0,0,0,0,0,0,0,1,0,0,0,29200,40,7008621,0,7008621,7008621,18700000,12200000,32000000,8015950,8
29267,98,6,6,0,98,0,98,98,0,0,0,0,0,0,0,0,0,32,20,10204,351,236,199,39675,0,0,1,354,6,229,32,0,0,0,0,0,0,0,0,8
22689,63159538,0,0,0,10500000,11900000,32100000,996134,63200000,10500000,11900000,32100000,996134,0,0,0,0,280,0,0,0,0,0,0,0,1,0,0,0,29200,40,7008092,0,7008092,7008092,18700000,12300000,32100000,8023716,8
29650,63136926,0,0,0,10500000,11900000,32100000,997673,63100000,10500000,11900000,32100000,997673,0,0,0,0,280,0,0,0,0,0,0,0,1,0,0,0,29200,40,7009647,0,7009647,7009647,18700000,12200000,32100000,8015920,8
31961,63124229,0,0,0,10500000,11900000,32100000,997014,63100000,10500000,11900000,32100000,997014,0,0,0,0,280,0,0,0,0,0,0,0,1,0,0,0,29200,40,7012935,0,7012935,7012935,18700000,12200000,32100000,8015922,8
26221,119798713,6,2,3,5989935,12100000,52400000,78,120000000,7046977,12900000,52400000,522,52400000,29400000,73200000,31600000,616,100,0,520,260,265,70672,0,1,0,272,2,29200,32,4520095,3921125,7015707,567,17700000,17900000,52400000,5403599,8
30191,63136756,0,0,0,10500000,11900000,32100000,997440,63100000,10500000,11900000,32100000,997440,0,0,0,0,280,0,0,0,0,0,0,0,1,0,0,0,29200,40,7009388,0,7009388,7009388,18700000,12200000,32100000,8015933,8
29268,63154304,0,0,0,10500000,11900000,32100000,998895,63200000,10500000,11900000,32100000,998895,0,0,0,0,280,0,0,0,0,0,0,0,1,0,0,0,29200,40,7010828,0,7010828,7010828,18700000,12300000,32100000,8015928,8
22187,63122952,0,0,0,10500000,11900000,32100000,999502,63100000,10500000,11900000,32100000,999502,0,0,0,0,280,0,0,0,0,0,0,0,1,0,0,0,29200,40,7011441,0,7011441,7011441,18700000,12200000,32100000,8015956,8
22128,63130088,0,0,0,10500000,11900000,32100000,998656,63100000,10500000,11900000,32100000,998656,0,0,0,0,280,0,0,0,0,0,0,0,1,0,0,0,29200,40,7010558,0,7010558,7010558,18700000,12200000,32100000,8023978,8
31506,105446109,0,0,0,13200000,36100000,102000000,60,105000000,21100000,45500000,102000000,385,51200000,72400000,102000000,1031,216,104,0,520,52,164,26944,0,1,0,58,0,29200,32,3001223,0,3001223,3001223,102000000,0,102000000,102000000,8
22970,63117692,0,0,0,10500000,11900000,32100000,998378,63100000,10500000,11900000,32100000,998378,0,0,0,0,280,0,0,0,0,0,0,0,1,0,0,0,29200,40,7006336,0,7006336,7006336,18700000,12200000,32100000,8015999,8
25432,63082183,0,0,0,10500000,11900000,32000000,998475,63100000,10500000,11900000,32000000,998475,0,0,0,0,280,0,0,0,0,0,0,0,1,0,0,0,29200,40,7010416,0,7010416,7010416,18700000,12200000,32000000,8007984,8
29275,20998661,0,0,0,10500000,14800000,21000000,59,21000000,21000000,0,21000000,21000000,0,0,0,0,64,32,0,14,7,8,65,0,0,1,9,0,229,32,0,0,0,0,0,0,0,0,8
23062,3267943,0,0,0,3267943,0,3267943,3267943,3267943,3267943,0,3267943,3267943,0,0,0,0,64,0,0,356,356,0,0,0,0,1,534,0,229,32,0,0,0,0,0,0,0,0,8
29483,63118148,0,0,0,10500000,11900000,32100000,998711,63100000,10500000,11900000,32100000,998711,0,0,0,0,280,0,0,0,0,0,0,0,1,0,0,0,29200,40,7006667,0,7006667,7006667,18700000,12200000,32100000,8015699,8
31838,107752911,0,0,0,8979409,29100000,101000000,60,108000000,12000000,33500000,101000000,821,53900000,67100000,101000000,6420764,328,104,0,520,260,269,72368,0,1,0,280,0,29200,32,6420824,0,6420824,6420824,101000000,0,101000000,101000000,8
23382,63096373,0,0,0,10500000,11900000,32000000,996833,63100000,10500000,11900000,32000000,996833,0,0,0,0,280,0,0,0,0,0,0,0,1,0,0,0,29200,40,7008575,0,7008575,7008575,18700000,12200000,32000000,8024096,8
25038,106307715,0,0,0,13300000,36400000,103000000,48,106000000,21300000,45900000,103000000,232,51700000,73000000,103000000,1037,216,104,0,520,52,164,26984,0,1,0,58,0,29200,32,3003309,0,3003309,3003309,103000000,0,103000000,103000000,8
85226,63100728,0,0,0,10500000,11900000,32100000,997060,63100000,10500000,11900000,32100000,997060,0,0,0,0,280,0,0,0,0,0,0,0,1,0,0,0,29200,40,7005029,0,7005029,7005029,18700000,12200000,32100000,8015953,8
22318,3276082,0,0,0,3276082,0,3276082,3276082,3276082,3276082,0,3276082,3276082,0,0,0,0,64,0,0,356,356,0,0,0,0,1,534,0,229,32,0,0,0,0,0,0,0,0,8
85875,63149593,0,0,0,10500000,11900000,32100000,998194,63100000,10500000,11900000,32100000,998194,0,0,0,0,280,0,0,0,0,0,0,0,1,0,0,0,29200,40,7006184,0,7006184,7006184,18700000,12300000,32100000,8015712,8
28000,3905,1448,661,732,1301,2211,3855,1,0,0,0,0,0,25,33,49,1,32,96,768,1448,396,631,399117,0,0,1,495,661,229,32,0,0,0,0,0,0,0,0,8
88828,63120705,0,0,0,10500000,11900000,32100000,997075,63100000,10500000,11900000,32100000,997075,0,0,0,0,280,0,0,0,0,0,0,0,1,0,0,0,29200,40,7009035,0,7009035,7009035,18700000,12200000,32100000,8015890,8
31508,63119429,0,0,0,10500000,11900000,32100000,999900,63100000,10500000,11900000,32100000,999900,0,0,0,0,280,0,0,0,0,0,0,0,1,0,0,0,29200,40,7007829,0,7007829,7007829,18700000,12200000,32100000,8015964,8
32369,63119590,0,0,0,10500000,11900000,32100000,999970,63100000,10500000,11900000,32100000,999970,0,0,0,0,280,0,0,0,0,0,0,0,1,0,0,0,29200,40,7007945,0,7007945,7007945,18700000,12200000,32100000,8015876,8
22694,105368858,0,0,0,13200000,36000000,102000000,60,105000000,21100000,45500000,102000000,417,51200000,72400000,102000000,1082,216,104,0,520,53,163,26880,0,1,0,59,0,29200,32,3003876,0,3003876,3003876,102000000,0,102000000,102000000,8
31967,109743551,0,0,0,18300000,44800000,110000000,13,110000000,36600000,63400000,110000000,539,54900000,77600000,110000000,5238,136,104,0,520,66,183,33610,0,1,0,75,0,29200,32,5251,0,5251,5251,110000000,0,110000000,110000000,8
29670,108680417,0,0,0,18100000,44400000,109000000,67,109000000,36200000,62700000,109000000,870,54300000,76800000,109000000,5173,136,104,0,520,66,183,33610,0,1,0,75,0,29200,32,5296,0,5296,5296,109000000,0,109000000,109000000,8
85030,63120765,0,0,0,10500000,11900000,32100000,997319,63100000,10500000,11900000,32100000,997319,0,0,0,0,280,0,0,0,0,0,0,0,1,0,0,0,29200,40,7009285,0,7009285,7009285,18700000,12200000,32100000,8015923,8
87636,29385,1983,991,1402,14692,20775,29383,2,0,0,0,0,0,2,0,2,2,32,64,68,1983,495,991,983072,0,0,1,661,991,229,32,0,0,0,0,0,0,0,0,8
45222,109286192,0,0,0,18200000,44600000,109000000,14,109000000,36400000,63100000,109000000,618,54600000,77300000,109000000,5230,136,104,0,520,65,183,33676,0,1,0,75,0,29200,32,5244,0,5244,5244,109000000,0,109000000,109000000,8
32721,13072045,0,0,0,13100000,0,13100000,13100000,13100000,13100000,0,13100000,13100000,0,0,0,0,64,0,0,356,356,0,0,0,0,1,534,0,229,32,0,0,0,0,0,0,0,0,8
54853,4,0,0,0,4,0,4,4,0,0,0,0,0,0,0,0,0,32,32,250000,1983,1322,1144,1310763,0,0,1,1983,0,235,32,0,0,0,0,0,0,0,0,8
12862,23567,1983,991,1402,11783,16658,23563,4,0,0,0,0,0,4,0,4,4,32,64,84,1983,495,991,983072,0,0,1,661,991,229,32,0,0,0,0,0,0,0,0,8
54862,63150030,0,0,0,10500000,11900000,32100000,998619,63200000,10500000,11900000,32100000,998619,0,0,0,0,280,0,0,0,0,0,0,0,1,0,0,0,29200,40,7006569,0,7006569,7006569,18700000,12300000,32100000,8015952,8
12859,63096725,0,0,0,10500000,11900000,32000000,996988,63100000,10500000,11900000,32000000,996988,0,0,0,0,280,0,0,0,0,0,0,0,1,0,0,0,29200,40,7008896,0,7008896,7008896,18700000,12200000,32000000,8023948,8
6166,63098528,0,0,0,10500000,11900000,32000000,998756,63100000,10500000,11900000,32000000,998756,0,0,0,0,280,0,0,0,0,0,0,0,1,0,0,0,29200,40,7010687,0,7010687,7010687,18700000,12200000,32000000,8023953,8
12851,63126171,0,0,0,10500000,11900000,32100000,998570,63100000,10500000,11900000,32100000,998570,0,0,0,0,280,0,0,0,0,0,0,0,1,0,0,0,29200,40,7014501,0,7014501,7014501,18700000,12200000,32100000,8015956,8
72806,63109657,0,0,0,10500000,11900000,32100000,998289,63100000,10500000,11900000,32100000,998289,0,0,0,0,280,0,0,0,0,0,0,0,1,0,0,0,29200,40,7014235,0,7014235,7014235,18700000,12200000,32100000,8015921,8
6171,63120783,0,0,0,10500000,11900000,32100000,997511,63100000,10500000,11900000,32100000,997511,0,0,0,0,280,0,0,0,0,0,0,0,1,0,0,0,29200,40,7009468,0,7009468,7009468,18700000,12200000,32100000,8015961,8
12838,3005677,0,0,0,375709,488828,1373521,108,3005677,429382,501887,1373521,431,0,0,0,0,264,40,0,356,178,187,35204,0,1,0,197,0,29200,32,0,0,0,0,0,0,0,0,8
54920,63085805,0,0,0,10500000,11900000,32000000,998146,63100000,10500000,11900000,32000000,998146,0,0,0,0,280,0,0,0,0,0,0,0,1,0,0,0,29200,40,7006068,0,7006068,7006068,18700000,12200000,32000000,8015900,8
12826,63132599,0,0,0,10500000,11900000,32100000,997062,63100000,10500000,11900000,32100000,997062,0,0,0,0,280,0,0,0,0,0,0,0,1,0,0,0,29200,40,7005018,0,7005018,7005018,18700000,12200000,32100000,8015927,8
72781,63158114,0,0,0,10500000,11900000,32100000,998910,63200000,10500000,11900000,32100000,998910,0,0,0,0,280,0,0,0,0,0,0,0,1,0,0,0,29200,40,7014653,0,7014653,7014653,18700000,12300000,32100000,8015934,8
72778,63114301,0,0,0,10500000,11900000,32100000,998774,63100000,10500000,11900000,32100000,998774,0,0,0,0,280,0,0,0,0,0,0,0,1,0,0,0,29200,40,7010487,0,7010487,7010487,18700000,12200000,32100000,8008180,8
12821,109437505,0,0,0,18200000,44700000,109000000,46,109000000,36500000,63200000,109000000,774,54700000,77400000,109000000,5431,136,104,0,520,66,183,33610,0,1,0,75,0,29200,32,5477,0,5477,5477,109000000,0,109000000,109000000,8
12863,110813377,0,0,0,15800000,41200000,109000000,47,111000000,27700000,54400000,109000000,663,54700000,77300000,109000000,5329,168,104,0,520,59,172,29852,0,1,0,66,0,29200,32,5462,0,5462,5462,109000000,0,109000000,109000000,8
6185,112,6,6,0,112,0,112,112,0,0,0,0,0,0,0,0,0,32,20,8928,520,348,296,88065,0,0,1,523,6,229,32,0,0,0,0,0,0,0,0,8
6187,170912,1983,661,1144,56970,65233,128133,4,0,0,0,0,0,64068,90600,128133,4,32,96,17,1983,396,886,786457,0,0,1,495,661,229,32,0,0,0,0,0,0,0,0,8
54957,107642095,6,2,3,5980116,12800000,52300000,71,108000000,7176132,13800000,52300000,612,52300000,29500000,73200000,31500000,536,100,0,351,193,178,31976,0,1,0,203,2,29200,32,4773832,6750574,9547209,455,19600000,19300000,52300000,5277704,8
12819,3275784,0,0,0,3275784,0,3275784,3275784,3275784,3275784,0,3275784,3275784,0,0,0,0,64,0,0,356,356,0,0,0,0,1,534,0,229,32,0,0,0,0,0,0,0,0,8
72762,108745747,0,0,0,18100000,44400000,109000000,40,109000000,36200000,62800000,109000000,629,54400000,76900000,109000000,5283,136,104,0,351,44,123,15329,0,1,0,51,0,29200,32,5323,0,5323,5323,109000000,0,109000000,109000000,8
72760,2999827,0,0,0,374978,487955,1370081,4,2999827,428546,501000,1370081,4,0,0,0,0,264,40,0,356,178,187,35204,0,1,0,197,0,29200,32,0,0,0,0,0,0,0,0,8
72757,63110627,0,0,0,10500000,11900000,32100000,999025,63100000,10500000,11900000,32100000,999025,0,0,0,0,280,0,0,0,0,0,0,0,1,0,0,0,29200,40,7014999,0,7014999,7014999,18700000,12200000,32100000,8015877,8
54976,108943170,0,0,0,18200000,44500000,109000000,23,109000000,36300000,62900000,109000000,644,54500000,77000000,109000000,5259,136,104,0,351,44,123,15307,0,1,0,51,0,29200,32,5282,0,5282,5282,109000000,0,109000000,109000000,8
54982,174906,1983,661,1144,58302,69192,134765,5,0,0,0,0,0,67385,95289,134765,5,32,96,17,1983,396,886,786457,0,0,1,495,661,229,32,0,0,0,0,0,0,0,0,8
12801,63114653,0,0,0,10500000,11900000,32100000,999047,63100000,10500000,11900000,32100000,999047,0,0,0,0,280,0,0,0,0,0,0,0,1,0,0,0,29200,40,7011014,0,7011014,7011014,18700000,12200000,32100000,8007941,8
55008,63130284,0,0,0,10500000,11900000,32100000,998749,63100000,10500000,11900000,32100000,998749,0,0,0,0,280,0,0,0,0,0,0,0,1,0,0,0,29200,40,7010682,0,7010682,7010682,18700000,12200000,32100000,8023922,8
55012,63142538,0,0,0,10500000,11900000,32100000,998953,63100000,10500000,11900000,32100000,998953,0,0,0,0,280,0,0,0,0,0,0,0,1,0,0,0,29200,40,7015105,0,7015105,7015105,18700000,12200000,32100000,8015968,8
55014,63140585,0,0,0,10500000,11900000,32100000,997057,63100000,10500000,11900000,32100000,997057,0,0,0,0,280,0,0,0,0,0,0,0,1,0,0,0,29200,40,7012958,0,7012958,7012958,18700000,12200000,32100000,8015905,8
72738,63099758,0,0,0,10500000,11900000,32100000,996222,63100000,10500000,11900000,32100000,996222,0,0,0,0,280,0,0,0,0,0,0,0,1,0,0,0,29200,40,7004166,0,7004166,7004166,18700000,12200000,32100000,8015913,8
12786,192313,1448,495,683,48078,71485,151337,1,0,0,0,0,0,50466,87356,151337,1,32,128,20,1448,330,587,345509,0,0,1,396,495,229,32,0,0,0,0,0,0,0,0,8
72772,63120400,0,0,0,10500000,11900000,32100000,996815,63100000,10500000,11900000,32100000,996815,0,0,0,0,280,0,0,0,0,0,0,0,1,0,0,0,29200,40,7008702,0,7008702,7008702,18700000,12200000,32100000,8015979,8
72831,20997966,0,0,0,10500000,14800000,21000000,55,21000000,21000000,0,21000000,21000000,0,0,0,0,64,32,0,15,7,8,75,0,0,1,10,0,229,32,0,0,0,0,0,0,0,0,8
12864,63104698,0,0,0,10500000,11900000,32100000,997303,63100000,10500000,11900000,32100000,997303,0,0,0,0,280,0,0,0,0,0,0,0,1,0,0,0,29200,40,7009159,0,7009159,7009159,18700000,12200000,32100000,8015922,8
72837,63123941,0,0,0,10500000,11900000,32100000,996374,63100000,10500000,11900000,32100000,996374,0,0,0,0,280,0,0,0,0,0,0,0,1,0,0,0,29200,40,7012355,0,7012355,7012355,18700000,12200000,32100000,8015692,8
54625,108657469,0,0,0,18100000,44400000,109000000,26,109000000,36200000,62700000,109000000,633,54300000,76800000,109000000,5163,136,104,0,351,45,123,15267,0,1,0,51,0,29200,32,5247,0,5247,5247,109000000,0,109000000,109000000,8
72949,63082261,0,0,0,10500000,11900000,32000000,998566,63100000,10500000,11900000,32000000,998566,0,0,0,0,280,0,0,0,0,0,0,0,1,0,0,0,29200,40,7010506,0,7010506,7010506,18700000,12200000,32000000,8007924,8
12949,109276351,0,0,0,18200000,44600000,109000000,54,109000000,36400000,63100000,109000000,626,54600000,77300000,109000000,5262,136,104,0,520,66,183,33626,0,1,0,75,0,29200,32,5316,0,5316,5316,109000000,0,109000000,109000000,8
54644,109405749,0,0,0,18200000,44700000,109000000,28,109000000,36500000,63200000,109000000,618,54700000,77400000,109000000,5203,136,104,0,520,66,183,33610,0,1,0,75,0,29200,32,5254,0,5254,5254,109000000,0,109000000,109000000,8
12943,109478649,0,0,0,18200000,44700000,109000000,84,109000000,36500000,63200000,109000000,631,54700000,77400000,109000000,5278,136,104,0,351,45,123,15267,0,1,0,51,0,29200,32,5389,0,5389,5389,109000000,0,109000000,109000000,8
54659,16886,1983,991,1402,8443,11934,16882,4,0,0,0,0,0,4,0,4,4,32,64,118,1983,495,991,983072,0,0,1,661,991,229,32,0,0,0,0,0,0,0,0,8
54661,63124652,0,0,0,10500000,11900000,32100000,997409,63100000,10500000,11900000,32100000,997409,0,0,0,0,280,0,0,0,0,0,0,0,1,0,0,0,29200,40,7013348,0,7013348,7013348,18700000,12200000,32100000,8015916,8
72934,109411346,0,0,0,18200000,44700000,109000000,32,109000000,36500000,63200000,109000000,622,54700000,77400000,109000000,5219,136,104,0,520,66,183,33595,0,1,0,76,0,29200,32,5271,0,5271,5271,109000000,0,109000000,109000000,8
54664,63120101,0,0,0,10500000,11900000,32100000,996712,63100000,10500000,11900000,32100000,996712,0,0,0,0,280,0,0,0,0,0,0,0,1,0,0,0,29200,40,7008626,0,7008626,7008626,18700000,12200000,32100000,8015938,8
54670,108579522,0,0,0,18100000,44300000,109000000,27,109000000,36200000,62700000,109000000,585,54300000,76800000,109000000,5249,136,104,0,351,44,123,15340,0,1,0,50,0,29200,32,5286,0,5286,5286,109000000,0,109000000,109000000,8
72925,63121117,0,0,0,10500000,11900000,32100000,997649,63100000,10500000,11900000,32100000,997649,0,0,0,0,280,0,0,0,0,0,0,0,1,0,0,0,29200,40,7009669,0,7009669,7009669,18700000,12200000,32100000,8015852,8
12927,63158721,0,0,0,10500000,11900000,32100000,999553,63200000,10500000,11900000,32100000,999553,0,0,0,0,280,0,0,0,0,0,0,0,1,0,0,0,29200,40,7015533,0,7015533,7015533,18700000,12300000,32100000,8015689,8
54699,109416200,0,0,0,18200000,44700000,109000000,56,109000000,36500000,63200000,109000000,651,54700000,77400000,109000000,5320,136,104,0,351,45,123,15231,0,1,0,52,0,29200,32,5459,0,5459,5459,109000000,0,109000000,109000000,8
54727,20997556,0,0,0,10500000,14800000,21000000,46,21000000,21000000,0,21000000,21000000,0,0,0,0,64,32,0,10,5,5,33,0,0,1,6,0,229,32,0,0,0,0,0,0,0,0,8
72899,109676217,0,0,0,18300000,44800000,110000000,17,110000000,36600000,63300000,110000000,625,54800000,77500000,110000000,5173,136,104,0,520,66,183,33659,0,1,0,75,0,29200,32,5253,0,5253,5253,110000000,0,110000000,110000000,8
72898,63108261,0,0,0,10500000,11900000,32100000,996518,63100000,10500000,11900000,32100000,996518,0,0,0,0,280,0,0,0,0,0,0,0,1,0,0,0,29200,40,7012490,0,7012490,7012490,18700000,12200000,32100000,8015850,8
12905,2,0,0,0,2,0,2,2,0,0,0,0,0,0,0,0,0,32,32,500000,1983,1322,1144,1310763,0,0,1,1983,0,235,32,0,0,0,0,0,0,0,0,8
54827,106416028,0,0,0,13300000,36400000,103000000,38,106000000,21300000,45900000,103000000,232,51700000,73100000,103000000,1079,216,104,0,520,52,164,26995,0,1,0,58,0,29200,32,3004080,0,3004080,3004080,103000000,0,103000000,103000000,8
72843,3275988,0,0,0,3275988,0,3275988,3275988,3275988,3275988,0,3275988,3275988,0,0,0,0,64,0,0,356,356,0,0,0,0,1,534,0,229,32,0,0,0,0,0,0,0,0,8
6147,2999891,0,0,0,374986,488076,1370588,4,2999891,428555,501136,1370588,4,0,0,0,0,264,40,0,356,178,187,35204,0,1,0,197,0,29200,32,0,0,0,0,0,0,0,0,8
72852,63148356,0,0,0,10500000,11900000,32100000,997134,63100000,10500000,11900000,32100000,997134,0,0,0,0,280,0,0,0,0,0,0,0,1,0,0,0,29200,40,7005095,0,7005095,7005095,18700000,12300000,32100000,8015909,8
54805,63126740,0,0,0,10500000,11900000,32100000,999629,63100000,10500000,11900000,32100000,999629,0,0,0,0,280,0,0,0,0,0,0,0,1,0,0,0,29200,40,7015532,0,7015532,7015532,18700000,12200000,32100000,8015897,8
54803,20686,1983,1983,0,10343,13764,20076,610,20686,20686,0,20686,20686,0,0,0,0,52,32,48,1983,497,990,981098,0,0,1,663,1983,229,20,0,0,0,0,0,0,0,0,8
55055,63133227,0,0,0,10500000,11900000,32100000,997687,63100000,10500000,11900000,32100000,997687,0,0,0,0,280,0,0,0,0,0,0,0,1,0,0,0,29200,40,7005531,0,7005531,7005531,18700000,12200000,32100000,8016030,8
54799,63104427,0,0,0,10500000,11900000,32100000,996632,63100000,10500000,11900000,32100000,996632,0,0,0,0,280,0,0,0,0,0,0,0,1,0,0,0,29200,40,7008569,0,7008569,7008569,18700000,12200000,32100000,8015891,8
72868,119787335,6,2,3,5989366,12100000,52400000,73,120000000,7046309,12900000,52400000,507,52400000,29400000,73200000,31600000,616,100,0,520,260,265,70672,0,1,0,272,2,29200,32,4516248,3917526,7004397,500,17700000,17900000,52400000,5403434,8
54785,3272101,0,0,0,3272101,0,3272101,3272101,3272101,3272101,0,3272101,3272101,0,0,0,0,64,0,0,356,356,0,0,0,0,1,534,0,229,32,0,0,0,0,0,0,0,0,8
54777,2999865,0,0,0,374983,487991,1370329,3,2999865,428552,501040,1370329,3,0,0,0,0,264,40,0,356,178,187,35204,0,1,0,197,0,29200,32,0,0,0,0,0,0,0,0,8
72880,107654625,0,0,0,13500000,36900000,105000000,93,108000000,21500000,46500000,105000000,518,52300000,74000000,105000000,1184,216,104,0,520,53,164,26906,0,1,0,59,0,29200,32,3012492,0,3012492,3012492,105000000,0,105000000,105000000,8
12895,63,535,267,378,31,41,61,2,0,0,0,0,0,2,0,2,2,32,64,31746,1448,857,715,512230,0,0,1,1143,267,235,32,0,0,0,0,0,0,0,0,8
54755,63149384,0,0,0,10500000,11900000,32100000,997683,63100000,10500000,11900000,32100000,997683,0,0,0,0,280,0,0,0,0,0,0,0,1,0,0,0,29200,40,7005765,0,7005765,7005765,18700000,12300000,32100000,8015758,8
72862,63091675,0,0,0,10500000,11900000,32000000,996185,63100000,10500000,11900000,32000000,996185,0,0,0,0,280,0,0,0,0,0,0,0,1,0,0,0,29200,40,7012131,0,7012131,7012131,18700000,12200000,32000000,8015940,8
72722,107653493,0,0,0,15400000,40200000,107000000,50,108000000,26900000,53200000,107000000,840,53300000,75400000,107000000,3001,176,104,0,520,58,172,29923,0,1,0,66,0,29200,32,1000151,0,1000151,1000151,107000000,0,107000000,107000000,8
55064,63153301,0,0,0,10500000,11900000,32100000,997930,63200000,10500000,11900000,32100000,997930,0,0,0,0,280,0,0,0,0,0,0,0,1,0,0,0,29200,40,7009908,0,7009908,7009908,18700000,12300000,32100000,8015686,8
72713,20997609,0,0,0,10500000,14800000,21000000,66,21000000,21000000,0,21000000,21000000,0,0,0,0,64,32,0,13,6,7,56,0,0,1,8,0,229,32,0,0,0,0,0,0,0,0,8
72524,63137264,0,0,0,10500000,11900000,32100000,997798,63100000,10500000,11900000,32100000,997798,0,0,0,0,280,0,0,0,0,0,0,0,1,0,0,0,29200,40,7009766,0,7009766,7009766,18700000,12200000,32100000,8015859,8
12652,195740,1983,661,1144,65246,80184,154763,4,0,0,0,0,0,77383,109431,154763,4,32,96,15,1983,396,886,786457,0,0,1,495,661,229,32,0,0,0,0,0,0,0,0,8
55431,20997048,0,0,0,10500000,14800000,21000000,53,21000000,21000000,0,21000000,21000000,0,0,0,0,64,32,0,7,3,4,16,0,0,1,4,0,229,32,0,0,0,0,0,0,0,0,8
72514,63118677,0,0,0,10500000,11900000,32100000,999342,63100000,10500000,11900000,32100000,999342,0,0,0,0,280,0,0,0,0,0,0,0,1,0,0,0,29200,40,7007288,0,7007288,7007288,18700000,12200000,32100000,8015906,8
55433,4,0,0,0,4,0,4,4,0,0,0,0,0,0,0,0,0,32,32,250000,1983,1322,1144,1310763,0,0,1,1983,0,235,32,0,0,0,0,0,0,0,0,8
55436,63115809,0,0,0,10500000,11900000,32100000,996169,63100000,10500000,11900000,32100000,996169,0,0,0,0,280,0,0,0,0,0,0,0,1,0,0,0,29200,40,7004107,0,7004107,7004107,18700000,12200000,32100000,8015931,8
12645,22330,1983,991,1402,11165,15782,22325,5,0,0,0,0,0,5,0,5,5,32,64,89,1983,495,991,983072,0,0,1,661,991,229,32,0,0,0,0,0,0,0,0,8
12644,63104469,0,0,0,10500000,11900000,32100000,996900,63100000,10500000,11900000,32100000,996900,0,0,0,0,280,0,0,0,0,0,0,0,1,0,0,0,29200,40,7008846,0,7008846,7008846,18700000,12200000,32100000,8015946,8
55451,63136609,0,0,0,10500000,11900000,32100000,997295,63100000,10500000,11900000,32100000,997295,0,0,0,0,280,0,0,0,0,0,0,0,1,0,0,0,29200,40,7009254,0,7009254,7009254,18700000,12200000,32100000,8015683,8
12641,63122304,0,0,0,10500000,11900000,32100000,998729,63100000,10500000,11900000,32100000,998729,0,0,0,0,280,0,0,0,0,0,0,0,1,0,0,0,29200,40,7010688,0,7010688,7010688,18700000,12200000,32100000,8015893,8
55470,105620974,0,0,0,15100000,39500000,105000000,71,106000000,26400000,52100000,105000000,427,52300000,74000000,105000000,1142,176,104,0,520,59,172,29841,0,1,0,67,0,29200,32,1000349,0,1000349,1000349,105000000,0,105000000,105000000,8
72482,3333309,0,0,0,666661,1490129,3332287,61,3333309,1111103,1923654,3332348,388,911,0,911,911,136,72,0,356,50,134,18105,0,1,0,59,0,29200,32,0,0,0,0,0,0,0,0,8
55503,108615772,0,0,0,18100000,44300000,109000000,58,109000000,36200000,62700000,109000000,654,54300000,76800000,109000000,5216,136,104,0,351,45,123,15267,0,1,0,51,0,29200,32,5274,0,5274,5274,109000000,0,109000000,109000000,8
72474,63151363,0,0,0,10500000,11900000,32100000,995893,63200000,10500000,11900000,32100000,995893,0,0,0,0,280,0,0,0,0,0,0,0,1,0,0,0,29200,40,7008078,0,7008078,7008078,18700000,12300000,32100000,8015953,8
55505,63128819,0,0,0,10500000,11900000,32100000,997414,63100000,10500000,11900000,32100000,997414,0,0,0,0,280,0,0,0,0,0,0,0,1,0,0,0,29200,40,7009350,0,7009350,7009350,18700000,12200000,32100000,8023935,8
72471,3271983,0,0,0,3271983,0,3271983,3271983,3271983,3271983,0,3271983,3271983,0,0,0,0,64,0,0,187,187,0,0,0,0,1,280,0,229,32,0,0,0,0,0,0,0,0,8
72461,105605683,0,0,0,15100000,39500000,105000000,75,106000000,26400000,52100000,105000000,415,52300000,74000000,105000000,1083,176,104,0,520,58,173,29961,0,1,0,65,0,29200,32,1000999,0,1000999,1000999,105000000,0,105000000,105000000,8
55650,117406,1983,661,1144,39135,38627,77239,4,0,0,0,0,0,38621,54613,77239,4,32,96,25,1983,396,886,786457,0,0,1,495,661,229,32,0,0,0,0,0,0,0,0,8
12573,63112956,0,0,0,10500000,11900000,32100000,997220,63100000,10500000,11900000,32100000,997220,0,0,0,0,280,0,0,0,0,0,0,0,1,0,0,0,29200,40,7009375,0,7009375,7009375,18700000,12200000,32100000,8007945,8
55632,63101770,0,0,0,10500000,11900000,32100000,998324,63100000,10500000,11900000,32100000,998324,0,0,0,0,280,0,0,0,0,0,0,0,1,0,0,0,29200,40,7006272,0,7006272,7006272,18700000,12200000,32100000,8015928,8
72419,63145985,0,0,0,10500000,11900000,32100000,998690,63100000,10500000,11900000,32100000,998690,0,0,0,0,280,0,0,0,0,0,0,0,1,0,0,0,29200,40,7010679,0,7010679,7010679,18700000,12300000,32100000,8007941,8
55590,63104303,0,0,0,10500000,11900000,32100000,996556,63100000,10500000,11900000,32100000,996556,0,0,0,0,280,0,0,0,0,0,0,0,1,0,0,0,29200,40,7008549,0,7008549,7008549,18700000,12200000,32100000,8015914,8
12595,20996911,0,0,0,10500000,14800000,21000000,34,21000000,21000000,0,21000000,21000000,0,0,0,0,64,32,0,8,4,4,21,0,0,1,5,0,229,32,0,0,0,0,0,0,0,0,8
72529,107570559,0,0,0,5976142,12000000,49200000,47,108000000,6723159,12600000,49200000,420,31500000,0,31500000,31500000,576,80,0,520,260,266,70995,0,1,0,274,0,29200,32,6709324,9487965,13400000,319,11200000,6580106,19900000,5795377,8
6306,2999541,0,0,0,374942,488006,1370196,3,2999541,428505,501062,1370196,3,0,0,0,0,264,40,0,187,93,98,9713,0,1,0,103,0,29200,32,0,0,0,0,0,0,0,0,8
55560,11,0,0,0,11,0,11,11,0,0,0,0,0,0,0,0,0,32,32,90909,1983,1322,1144,1310763,0,0,1,1983,0,235,32,0,0,0,0,0,0,0,0,8
6301,136,6,6,0,136,0,136,136,0,0,0,0,0,0,0,0,0,32,20,7352,520,348,296,88065,0,0,1,523,6,229,32,0,0,0,0,0,0,0,0,8
55554,20996909,0,0,0,10500000,14800000,21000000,4,21000000,21000000,0,21000000,21000000,0,0,0,0,64,32,0,15,7,8,75,0,0,1,10,0,229,32,0,0,0,0,0,0,0,0,8
12608,63102026,0,0,0,10500000,11900000,32100000,998321,63100000,10500000,11900000,32100000,998321,0,0,0,0,280,0,0,0,0,0,0,0,1,0,0,0,29200,40,7006266,0,7006266,7006266,18700000,12200000,32100000,8015960,8
12610,108162249,0,0,0,12000000,33500000,101000000,48,108000000,18000000,40700000,101000000,439,50600000,71500000,101000000,1066,256,104,0,520,47,156,24528,0,1,0,52,0,29200,32,7015092,0,7015092,7015092,101000000,0,101000000,101000000,8
55540,13087846,0,0,0,13100000,0,13100000,13100000,13100000,13100000,0,13100000,13100000,0,0,0,0,64,0,0,356,356,0,0,0,0,1,534,0,229,32,0,0,0,0,0,0,0,0,8
6303,106737012,0,0,0,9703364,31100000,104000000,49,107000000,13300000,36400000,104000000,779,53400000,70900000,104000000,3208307,296,104,0,520,240,269,72369,0,1,0,260,0,29200,32,3208356,0,3208356,3208356,104000000,0,104000000,104000000,8
54620,63099459,0,0,0,10500000,11900000,32000000,999941,63100000,10500000,11900000,32000000,999941,0,0,0,0,280,0,0,0,0,0,0,0,1,0,0,0,29200,40,7011882,0,7011882,7011882,18700000,12200000,32000000,8023927,8
55404,63099630,0,0,0,10500000,11900000,32100000,996056,63100000,10500000,11900000,32100000,996056,0,0,0,0,280,0,0,0,0,0,0,0,1,0,0,0,29200,40,7004036,0,7004036,7004036,18700000,12200000,32100000,8015893,8
55380,4,0,0,0,4,0,4,4,0,0,0,0,0,0,0,0,0,32,32,250000,1983,1322,1144,1310763,0,0,1,1983,0,235,32,0,0,0,0,0,0,0,0,8
55076,63103520,0,0,0,10500000,11900000,32100000,999912,63100000,10500000,11900000,32100000,999912,0,0,0,0,280,0,0,0,0,0,0,0,1,0,0,0,29200,40,7007833,0,7007833,7007833,18700000,12200000,32100000,8015901,8
55085,2,0,0,0,2,0,2,2,0,0,0,0,0,0,0,0,0,32,32,500000,1983,1322,1144,1310763,0,0,1,1983,0,235,32,0,0,0,0,0,0,0,0,8
6212,3267965,0,0,0,3267965,0,3267965,3267965,3267965,3267965,0,3267965,3267965,0,0,0,0,64,0,0,187,187,0,0,0,0,1,280,0,229,32,0,0,0,0,0,0,0,0,8
55087,63111522,0,0,0,10500000,11900000,32100000,995977,63100000,10500000,11900000,32100000,995977,0,0,0,0,280,0,0,0,0,0,0,0,1,0,0,0,29200,40,7007894,0,7007894,7007894,18700000,12200000,32100000,8007743,8
55095,63105140,0,0,0,10500000,11900000,32100000,997589,63100000,10500000,11900000,32100000,997589,0,0,0,0,280,0,0,0,0,0,0,0,1,0,0,0,29200,40,7009557,0,7009557,7009557,18700000,12200000,32100000,8015918,8
