Flow ID,Src IP,Src Port,Dst IP,Dst Port,Protocol,Timestamp,Flow Duration,Total Fwd Packet,Total Bwd packets,Total Length of Fwd Packet,Total Length of Bwd Packet,Fwd Packet Length Max,Fwd Packet Length Min,Fwd Packet Length Mean,Fwd Packet Length Std,Bwd Packet Length Max,Bwd Packet Length Min,Bwd Packet Length Mean,Bwd Packet Length Std,Flow Bytes/s,Flow Packets/s,Flow IAT Mean,Flow IAT Std,Flow IAT Max,Flow IAT Min,Fwd IAT Total,Fwd IAT Mean,Fwd IAT Std,Fwd IAT Max,Fwd IAT Min,Bwd IAT Total,Bwd IAT Mean,Bwd IAT Std,Bwd IAT Max,Bwd IAT Min,Fwd PSH Flags,Bwd PSH Flags,Fwd URG Flags,Bwd URG Flags,Fwd Header Length,Bwd Header Length,Fwd Packets/s,Bwd Packets/s,Packet Length Min,Packet Length Max,Packet Length Mean,Packet Length Std,Packet Length Variance,FIN Flag Count,SYN Flag Count,RST Flag Count,PSH Flag Count,ACK Flag Count,URG Flag Count,CWE Flag Count,ECE Flag Count,Down/Up Ratio,Average Packet Size,Fwd Segment Size Avg,Bwd Segment Size Avg,Fwd Bytes/Bulk Avg,Fwd Packet/Bulk Avg,Fwd Bulk Rate Avg,Bwd Bytes/Bulk Avg,Bwd Packet/Bulk Avg,Bwd Bulk Rate Avg,Subflow Fwd Packets,Subflow Fwd Bytes,Subflow Bwd Packets,Subflow Bwd Bytes,FWD Init Win Bytes,Bwd Init Win Bytes,Fwd Act Data Pkts,Fwd Seg Size Min,Active Mean,Active Std,Active Max,Active Min,Idle Mean,Idle Std,Idle Max,Idle Min,Label
10.128.0.2-10.0.0.2-49608-80-6,10.128.0.2,49608,10.0.0.2,80,6,05/08/2018 05:38:17 PM,120954,2,1,0.0,0.0,0.0,0.0,0.0,0.0,0.0,0.0,0.0,0.0,0.0,24.80281760007937,60477.0,85463.75400133088,120909.0,45.0,120954.0,120954.0,0.0,120954.0,120954.0,0,0,0,0,0,0,0,0,0,40,32,16.535211733386245,8.267605866693122,0.0,0.0,0.0,0.0,0.0,0,0,2,0,1,0,0,0,0.0,0.0,0.0,0.0,0,0,0,0,0,0,0,0,0,0,0,235,0,20,0,0,0,0,1.533470897259696E15,0.0,1.533470897259696E15,1.533470897259696E15,NeedManualLabel
10.128.0.2-10.0.0.2-49609-80-6,10.128.0.2,49609,10.0.0.2,80,6,05/08/2018 05:38:17 PM,122725,3,1,370.0,0.0,370.0,0.0,123.33333333333333,213.61959960016154,0.0,0.0,0.0,0.0,3014.870645752699,32.59319617029945,40908.33333333333,70774.7733470997,122632.0,30.0,122725.0,61362.5,86690.58426668953,122662.0,63.0,0,0,0,0,0,0,0,0,0,104,40,24.444897127724587,8.148299042574862,0.0,370.0,74.0,165.46903033498444,27380.0,0,2,0,1,3,0,0,0,0.0,92.5,123.33333333333333,0.0,0,0,0,0,0,0,0,92,0,0,28400,28960,1,32,0,0,0,0,1.5334708973210205E15,86737.25331424785,1.533470897382353E15,1.533470897259688E15,NeedManualLabel
10.0.0.2-10.128.0.2-80-49571-6,10.0.0.2,80,10.128.0.2,49571,6,05/08/2018 05:38:08 PM,123466,11,11,10988.0,373.0,1408.0,0.0,998.9090909090909,646.7347917880179,373.0,0.0,33.90909090909091,112.46373152750583,92017.23551423063,178.18670727163752,5879.333333333334,26604.506421531918,121990.0,3.0,123466.0,12346.599999999997,38563.27892121669,122099.0,9.0,123418.0,12341.8,38706.397891476976,122502.0,13.0,0,0,0,0,360,292,89.09335363581876,89.09335363581876,0.0,1408.0,493.9565217391304,663.529164821841,440270.95256917,1,1,6,2,17,0,0,0,1.0,516.4090909090909,998.9090909090909,33.90909090909091,0,0,0,0,9,92105,0,499,0,16,28960,0,8,32,0,0,0,0,1.5334708886740018E15,38652.70469975083,1.533470888687453E15,1.533470888564061E15,NeedManualLabel
10.128.0.2-10.0.0.2-49572-80-6,10.128.0.2,49572,10.0.0.2,80,6,05/08/2018 05:38:08 PM,242816,12,11,373.0,10988.0,373.0,0.0,31.083333333333332,107.67582520386519,1408.0,0.0,998.9090909090909,646.7347917880179,46788.5147601476,94.72192936215076,11037.090909090908,35484.02242983264,120694.0,3.0,242813.0,22073.909090909092,48889.057439174554,121218.0,18.0,122176.0,12217.599999999997,38156.08726213362,120811.0,14.0,0,0,0,0,344,360,49.42013705851344,45.30179230363732,0.0,1408.0,473.37499999999994,656.7306252417615,431295.1141304349,1,2,5,2,18,0,0,0,0.0,493.95652173913044,31.083333333333332,998.9090909090909,0,0,0,0,9,93092,0,16,0,477,28400,235,1,20,0,0,0,0,1.5334708889052155E15,63357.18546513319,1.533470888930053E15,1.53347088868732E15,NeedManualLabel
10.128.0.2-10.0.0.2-49573-80-6,10.128.0.2,49573,10.0.0.2,80,6,05/08/2018 05:38:08 PM,244857,12,11,339.0,10988.0,339.0,0.0,28.25,97.86087062764156,1408.0,0.0,998.9090909090909,646.7347917880179,46259.65359373022,93.93237685669595,11129.863636363636,35825.80846965396,121863.0,3.0,244854.0,22259.454545454544,49335.90395921339,122261.0,31.0,123088.0,12308.8,38536.41444659843,121985.0,13.0,0,0,0,0,332,360,49.008196620884846,44.92418023581111,0.0,1408.0,471.95833333333337,656.9931823593504,431640.0416666667,1,2,6,2,17,0,0,0,0.0,492.4782608695652,28.25,998.9090909090909,0,0,0,0,9,92124,0,14,0,477,28400,235,1,20,0,0,0,0,1.53347088914987E15,63947.066161176605,1.533470889174745E15,1.533470888929978E15,NeedManualLabel
10.128.0.2-10.0.0.2-49574-80-6,10.128.0.2,49574,10.0.0.2,80,6,05/08/2018 05:38:09 PM,245065,12,11,339.0,10988.0,339.0,0.0,28.25,97.86087062764156,1408.0,0.0,998.9090909090909,646.7347917880179,46220.390508640565,93.85265133740027,11139.318181818178,35796.95886043735,122043.0,4.0,245061.0,22278.272727272724,49350.728677681975,122103.0,7.0,123022.0,12302.199999999999,38387.90096950398,121555.0,15.0,0,0,0,0,344,360,48.96660069777406,44.88605063962622,0.0,1408.0,471.95833333333337,656.9931823593504,431640.0416666667,1,2,5,2,18,0,0,0,0.0,492.4782608695652,28.25,998.9090909090909,0,0,0,0,9,92183,0,14,0,477,28400,235,1,20,0,0,0,0,1.5334708893946895E15,63904.33789334007,1.533470889419667E15,1.533470889174698E15,NeedManualLabel
10.128.0.2-10.0.0.2-49575-80-6,10.128.0.2,49575,10.0.0.2,80,6,05/08/2018 05:38:09 PM,246037,12,11,368.0,10988.0,368.0,0.0,30.666666666666664,106.23244953089113,1408.0,0.0,998.9090909090909,646.7347917880179,46155.65951462585,93.48187467738592,11183.5,35957.60118826457,122373.0,6.0,246031.0,22366.454545454548,49545.02060018471,122737.0,26.0,123664.0,12366.4,38620.68625951066,122282.0,13.0,0,0,0,0,320,360,48.77315200559266,44.70872267179327,0.0,1408.0,473.16666666666663,656.7646436140188,431339.7971014492,1,2,7,2,16,0,0,0,0.0,493.7391304347826,30.666666666666668,998.9090909090909,0,0,0,0,9,91914,0,16,0,477,28400,235,1,20,0,0,0,0,1.5334708896407708E15,64239.908855437134,1.533470889665775E15,1.533470889419804E15,NeedManualLabel
10.128.0.2-10.0.0.2-49576-80-6,10.128.0.2,49576,10.0.0.2,80,6,05/08/2018 05:38:09 PM,246602,11,10,368.0,10988.0,368.0,0.0,33.45454545454545,110.956174804617,2816.0,0.0,1098.8,885.0602992640293,46049.91038191094,85.15746019902515,12330.099999999999,37657.40799546408,122610.0,3.0,246599.0,24659.899999999998,51705.228677034625,122866.0,15.0,123992.0,13776.888888888892,40725.39724313455,122377.0,14.0,0,0,0,0,300,328,44.60628867567984,40.55117152334531,0.0,2816.0,516.1818181818181,798.7270608592887,637964.9177489178,1,2,6,2,15,0,0,0,0.0,540.7619047619048,33.45454545454545,1098.8,0,0,0,0,8,91674,0,17,0,523,28400,235,1,20,0,0,0,0,1.5334708898842395E15,67414.32072967659,1.533470889912228E15,1.533470889665684E15,NeedManualLabel
10.128.0.2-10.0.0.2-49577-80-6,10.128.0.2,49577,10.0.0.2,80,6,05/08/2018 05:38:09 PM,246312,12,11,328.0,10988.0,328.0,0.0,27.333333333333332,94.68544414709861,1408.0,0.0,998.9090909090909,646.7347917880179,45941.73243690928,93.37750495306766,11196.000000000002,36021.823108988225,122562.0,6.0,246306.0,22391.454545454544,49637.37054752927,123122.0,20.0,123899.0,12389.899999999998,38744.51685780124,122658.0,20.0,0,0,0,0,344,360,48.718698236383126,44.65880671668453,0.0,1408.0,471.5,657.0937991410093,431772.2608695651,1,2,5,2,18,0,0,0,0.0,492.0,27.333333333333332,998.9090909090909,0,0,0,0,9,91418,0,14,0,477,28400,235,1,20,0,0,0,0,1.5334708901332502E15,64337.505629706866,1.533470890158261E15,1.533470889912022E15,NeedManualLabel
10.128.0.2-10.0.0.2-49578-80-6,10.128.0.2,49578,10.0.0.2,80,6,05/08/2018 05:38:10 PM,244816,12,11,328.0,10988.0,328.0,0.0,27.333333333333332,94.68544414709861,1408.0,0.0,998.9090909090909,646.7347917880179,46222.46911966538,93.94810796679955,11127.999999999998,35789.30212467726,121874.0,6.0,244810.0,22255.45454545454,49325.43828363543,122118.0,37.0,122942.0,12294.2,38417.65447406816,121632.0,17.0,0,0,0,0,332,360,49.01640415659107,44.93170381020848,0.0,1408.0,471.5,657.0937991410094,431772.26086956525,1,2,6,2,17,0,0,0,0.0,492.0,27.333333333333332,998.9090909090909,0,0,0,0,9,92134,0,14,0,477,28400,235,1,20,0,0,0,0,1.5334708903782382E15,63901.73056975655,1.5334708904031E15,1.533470890158366E15,NeedManualLabel
10.128.0.2-10.0.0.2-49579-80-6,10.128.0.2,49579,10.0.0.2,80,6,05/08/2018 05:38:10 PM,245795,12,11,323.0,10988.0,323.0,0.0,26.916666666666664,93.24206847412455,1408.0,0.0,998.9090909090909,646.7347917880179,46018.02314937244,93.57391322036656,11172.5,35918.14540597499,122275.0,3.0,245792.0,22344.727272727272,49507.52998098554,122642.0,36.0,123520.0,12351.999999999998,38563.23847915265,122104.0,13.0,0,0,0,0,332,360,48.821172114973855,44.7527411053927,0.0,1408.0,471.2916666666667,657.1420651887837,431835.69384057965,1,2,6,2,17,0,0,0,0.0,491.7826086956522,26.916666666666668,998.9090909090909,0,0,0,0,9,91650,0,14,0,477,28400,235,1,20,0,0,0,0,1.533470890624027E15,64149.46253954892,1.533470890649053E15,1.533470890403323E15,NeedManualLabel
10.128.0.2-10.0.0.2-49580-80-6,10.128.0.2,49580,10.0.0.2,80,6,05/08/2018 05:38:10 PM,245752,12,11,323.0,10988.0,323.0,0.0,26.916666666666664,93.24206847412455,1408.0,0.0,998.9090909090909,646.7347917880179,46026.075067547776,93.59028614212703,11170.545454545456,35932.65608610916,122346.0,6.0,245746.0,22340.545454545456,49507.82528522867,122569.0,25.0,123406.0,12340.599999999999,38571.37467143794,122116.0,21.0,0,0,0,0,344,360,48.82971450893584,44.760571633191184,0.0,1408.0,471.29166666666674,657.1420651887837,431835.6938405797,1,2,5,2,18,0,0,0,0.0,491.7826086956522,26.916666666666668,998.9090909090909,0,0,0,0,9,91738,0,14,0,477,28400,235,1,20,0,0,0,0,1.533470890869505E15,64138.33657166049,1.533470890894488E15,1.533470890648807E15,NeedManualLabel
10.128.0.2-10.0.0.2-49581-80-6,10.128.0.2,49581,10.0.0.2,80,6,05/08/2018 05:38:10 PM,242618,12,11,325.0,10988.0,325.0,0.0,27.083333333333336,93.81941874331417,1408.0,0.0,998.9090909090909,646.7347917880179,46628.856886133755,94.79923171405254,11028.090909090906,35453.48790136584,120757.0,6.0,242612.0,22055.636363636364,48852.432861164096,120937.0,38.0,121861.0,12186.1,38043.12470064583,120458.0,17.0,0,0,0,0,332,360,49.46046872037524,45.33876299367731,0.0,1408.0,471.375,657.1225689718578,431810.070652174,1,2,6,2,17,0,0,0,0.0,491.8695652173913,27.083333333333332,998.9090909090909,0,0,0,0,9,92915,0,14,0,477,28400,235,1,20,0,0,0,0,1.5334708911124472E15,63300.38408181445,1.533470891137176E15,1.533470890894621E15,NeedManualLabel
10.128.0.2-10.0.0.2-49582-80-6,10.128.0.2,49582,10.0.0.2,80,6,05/08/2018 05:38:11 PM,243966,12,11,325.0,10988.0,325.0,0.0,27.083333333333336,93.81941874331417,1408.0,0.0,998.9090909090909,646.7347917880179,46371.215661198694,94.27543182246707,11089.363636363634,35669.04844011649,121315.0,7.0,243959.0,22178.09090909091,49146.96404958204,121805.0,31.0,122651.0,12265.099999999999,38338.591478358256,121378.0,20.0,0,0,0,0,344,360,49.1871818204176,45.08825000204947,0.0,1408.0,471.375,657.1225689718578,431810.070652174,1,2,5,2,18,0,0,0,0.0,491.8695652173913,27.083333333333332,998.9090909090909,0,0,0,0,9,92335,0,14,0,477,28400,235,1,20,0,0,0,0,1.5334708913561612E15,63696.69938166742,1.533470891380963E15,1.533470891137076E15,NeedManualLabel
10.128.0.2-10.0.0.2-49583-80-6,10.128.0.2,49583,10.0.0.2,80,6,05/08/2018 05:38:11 PM,243322,12,11,381.0,10988.0,381.0,0.0,31.750000000000004,109.9852262806237,1408.0,0.0,998.9090909090909,646.7347917880179,46724.09399889858,94.52495047714551,11060.090909090906,35542.66103459213,120875.0,2.0,243320.0,22120.0,48991.61382522523,121508.0,8.0,122447.0,12244.7,38200.76818904737,120965.0,12.0,0,0,0,0,332,360,49.31736546633679,45.20758501080872,0.0,1408.0,473.7083333333333,656.6794916168351,431227.95471014496,1,2,6,2,17,0,0,0,0.0,494.30434782608694,31.75,998.9090909090909,0,0,0,0,9,92931,0,16,0,477,28400,235,1,20,0,0,0,0,1.5334708915995968E15,63510.86836889179,1.533470891624428E15,1.533470891381168E15,NeedManualLabel
10.128.0.2-10.0.0.2-49584-80-6,10.128.0.2,49584,10.0.0.2,80,6,05/08/2018 05:38:11 PM,245953,12,11,381.0,10988.0,381.0,0.0,31.750000000000004,109.9852262806237,1408.0,0.0,998.9090909090909,646.7347917880179,46224.27862233841,93.51380141734396,11179.681818181822,35939.869169789126,122498.0,8.0,245945.0,22358.636363636368,49542.37982025636,122581.0,49.0,123455.0,12345.5,38546.28708521166,122049.0,23.0,0,0,0,0,332,360,48.78980943513598,44.723991982207984,0.0,1408.0,473.7083333333333,656.6794916168351,431227.95471014496,1,2,6,2,17,0,0,0,0.0,494.30434782608694,31.75,998.9090909090909,0,0,0,0,9,92191,0,16,0,477,28400,235,1,20,0,0,0,0,1.533470891845221E15,64180.59444232143,1.533470891870187E15,1.533470891624317E15,NeedManualLabel
10.128.0.2-10.0.0.2-49585-80-6,10.128.0.2,49585,10.0.0.2,80,6,05/08/2018 05:38:11 PM,242918,12,11,365.0,10988.0,365.0,0.0,30.416666666666664,105.36642412710671,1408.0,0.0,998.9090909090909,646.7347917880179,46735.93558320092,94.6821561185256,11041.727272727272,35496.20999779825,120869.0,5.0,242912.0,22082.909090909092,48933.42146520013,121203.0,10.0,122049.0,12204.900000000001,38102.69724617055,120646.0,18.0,0,0,0,0,344,360,49.399385800969874,45.282770317555716,0.0,1408.0,473.04166666666663,656.7858150752481,431367.606884058,1,2,5,2,18,0,0,0,0.0,493.60869565217394,30.416666666666668,998.9090909090909,0,0,0,0,9,93107,0,15,0,477,28400,235,1,20,0,0,0,0,1.5334708920884852E15,63379.54526696427,1.533470892113213E15,1.533470891870383E15,NeedManualLabel
10.128.0.2-10.0.0.2-49586-80-6,10.128.0.2,49586,10.0.0.2,80,6,05/08/2018 05:38:12 PM,245093,11,10,365.0,10988.0,365.0,0.0,33.18181818181818,110.05164077088372,2816.0,0.0,1098.8,885.0602992640294,46321.192363714996,85.68176161701885,12254.649999999996,37437.789474884725,121865.0,6.0,245087.0,24508.699999999997,51405.69493321403,122177.0,20.0,123228.0,13691.999999999996,40501.78148859628,121696.0,20.0,0,0,0,0,324,328,44.88092275177178,40.800838865247066,0.0,2816.0,516.0454545454545,798.7538197105316,638007.6645021645,1,2,4,2,17,0,0,0,0.0,540.6190476190476,33.18181818181818,1098.8,0,0,0,0,8,92230,0,17,0,523,28400,235,1,20,0,0,0,0,1.53347089233041E15,66993.44948644534,1.53347089235821E15,1.533470892113201E15,NeedManualLabel
10.128.0.2-10.0.0.2-49587-80-6,10.128.0.2,49587,10.0.0.2,80,6,05/08/2018 05:38:12 PM,245646,12,11,415.0,10988.0,415.0,0.0,34.583333333333336,119.80018085684736,1408.0,0.0,998.9090909090909,646.7347917880179,46420.458708873746,93.63067177971553,11165.727272727268,35898.70391238024,122198.0,6.0,245640.0,22330.90909090909,49497.09776836324,122653.0,14.0,123448.0,12344.8,38545.509750884805,122046.0,16.0,0,0,0,0,356,360,48.850785276373315,44.779886503342205,0.0,1408.0,475.12499999999994,656.5074463963931,431002.02717391297,1,2,4,2,19,0,0,0,0.0,495.7826086956522,34.583333333333336,998.9090909090909,0,0,0,0,9,92451,0,18,0,477,28400,235,1,20,0,0,0,0,1.5334708925787728E15,64103.53591001389,1.533470892603776E15,1.5334708923582E15,NeedManualLabel
10.128.0.2-10.0.0.2-49589-80-6,10.128.0.2,49589,10.0.0.2,80,6,05/08/2018 05:38:12 PM,245156,12,11,415.0,10988.0,415.0,0.0,34.583333333333336,119.80018085684736,1408.0,0.0,998.9090909090909,646.7347917880179,46513.240548875,93.81781396335394,11143.454545454546,35825.81233682041,121846.0,3.0,245153.0,22286.636363636364,49348.896423877064,122274.0,30.0,123310.0,12330.999999999998,38520.25528356621,121961.0,9.0,0,0,0,0,332,360,48.94842467653249,44.86938928682145,0.0,1408.0,475.12499999999994,656.5074463963931,431002.02717391297,1,2,6,2,17,0,0,0,0.0,495.7826086956522,34.583333333333336,998.9090909090909,0,0,0,0,9,92592,0,18,0,477,28400,235,1,20,0,0,0,0,1.5334708928239205E15,63992.77190169787,1.533470892848909E15,1.533470892603859E15,NeedManualLabel
10.128.0.2-10.0.0.2-49590-80-6,10.128.0.2,49590,10.0.0.2,80,6,05/08/2018 05:38:12 PM,245654,12,11,366.0,10988.0,366.0,0.0,30.499999999999993,105.65509926170151,1408.0,0.0,998.9090909090909,646.7347917880179,46219.47943041839,93.6276225911241,11166.090909090906,35923.45369029767,122225.0,3.0,245651.0,22331.90909090909,49517.63040666333,122710.0,21.0,123429.0,12342.899999999998,38592.13906268132,122177.0,11.0,0,0,0,0,344,360,48.849194395369096,44.778428195755005,0.0,1408.0,473.08333333333326,656.7786945563844,431358.2536231884,1,2,5,2,18,0,0,0,0.0,493.6521739130435,30.5,998.9090909090909,0,0,0,0,9,92067,0,15,0,477,28400,235,1,20,0,0,0,0,1.5334708930696185E15,64142.74315091108,1.533470893094545E15,1.533470892848949E15,NeedManualLabel
10.128.0.2-10.0.0.2-49591-80-6,10.128.0.2,49591,10.0.0.2,80,6,05/08/2018 05:38:13 PM,245906,12,11,366.0,10988.0,366.0,0.0,30.499999999999993,105.65509926170151,1408.0,0.0,998.9090909090909,646.7347917880179,46172.11454783535,93.53167470496857,11177.545454545454,35945.775647861694,122399.0,2.0,245904.0,22354.909090909085,49522.50294452925,122593.0,10.0,123507.0,12350.7,38588.911029667004,122176.0,11.0,0,0,0,0,332,360,48.79913462867925,44.73254007628931,0.0,1408.0,473.08333333333326,656.7786945563844,431358.2536231884,1,2,6,2,17,0,0,0,0.0,493.6521739130435,30.5,998.9090909090909,0,0,0,0,9,92017,0,15,0,477,28400,235,1,20,0,0,0,0,1.5334708933153205E15,64170.67376819085,1.533470893340355E15,1.533470893094523E15,NeedManualLabel
10.128.0.2-10.0.0.2-49592-80-6,10.128.0.2,49592,10.0.0.2,80,6,05/08/2018 05:38:13 PM,245304,12,11,333.0,10988.0,333.0,0.0,27.749999999999996,96.12881982007269,1408.0,0.0,998.9090909090909,646.7347917880179,46150.89847699182,93.76121057952581,11150.181818181818,35863.564984451,122197.0,3.0,245301.0,22300.090909090904,49424.73573314185,122281.0,17.0,123107.0,12310.7,38476.843968663656,121817.0,14.0,0,0,0,0,344,360,48.91889247627434,44.84231810325148,0.0,1408.0,471.70833333333337,657.0471149254702,431710.911231884,1,2,5,2,18,0,0,0,0.0,492.2173913043478,27.75,998.9090909090909,0,0,0,0,9,92052,0,14,0,477,28400,235,1,20,0,0,0,0,1.53347089356052E15,63984.86066011875,1.533470893585512E15,1.533470893340283E15,NeedManualLabel
10.128.0.2-10.0.0.2-49593-80-6,10.128.0.2,49593,10.0.0.2,80,6,05/08/2018 05:38:13 PM,245057,12,11,333.0,10988.0,333.0,0.0,27.749999999999996,96.12881982007269,1408.0,0.0,998.9090909090909,646.7347917880179,46197.41529521703,93.85571520095326,11138.954545454546,35820.06608230494,121886.0,4.0,245053.0,22277.545454545456,49365.75741820161,122324.0,34.0,123171.0,12317.099999999999,38475.711372963015,121820.0,14.0,0,0,0,0,332,360,48.968199235279954,44.887515965673295,0.0,1408.0,471.70833333333337,657.0471149254702,431710.911231884,1,2,6,2,17,0,0,0,0.0,492.2173913043478,27.75,998.9090909090909,0,0,0,0,9,91992,0,14,0,477,28400,235,1,20,0,0,0,0,1.5334708938054388E15,63978.37481460063,1.533470893830347E15,1.533470893585357E15,NeedManualLabel
10.128.0.2-10.0.0.2-49595-80-6,10.128.0.2,49595,10.0.0.2,80,6,05/08/2018 05:38:13 PM,244801,12,11,319.0,10988.0,319.0,0.0,26.583333333333332,92.0873679357453,1408.0,0.0,998.9090909090909,646.7347917880179,46188.536811532635,93.9538645675467,11127.318181818182,35787.35985470471,121768.0,7.0,244794.0,22254.0,49297.27534458674,122111.0,32.0,123033.0,12303.3,38452.68450692212,121741.0,15.0,0,0,0,0,332,360,49.019407600459154,44.934456967087556,0.0,1408.0,471.1249999999999,657.1818167123854,431887.9402173913,1,2,6,2,17,0,0,0,0.0,491.60869565217394,26.583333333333332,998.9090909090909,0,0,0,0,9,92003,0,13,0,477,28400,235,1,20,0,0,0,0,1.5334708940502838E15,63900.143326387246,1.533470894075206E15,1.533470893830476E15,NeedManualLabel
10.128.0.2-10.0.0.2-49596-80-6,10.128.0.2,49596,10.0.0.2,80,6,05/08/2018 05:38:14 PM,245972,12,11,319.0,10988.0,319.0,0.0,26.583333333333332,92.0873679357453,1408.0,0.0,998.9090909090909,646.7347917880179,45968.64683785146,93.50657798448604,11180.545454545452,35955.07766475811,122465.0,5.0,245967.0,22360.636363636364,49562.178082228646,122708.0,42.0,123507.0,12350.700000000003,38582.36117436164,122157.0,18.0,0,0,0,0,332,360,48.786040687557936,44.72053729692811,0.0,1408.0,471.1249999999999,657.1818167123854,431887.9402173913,1,2,6,2,17,0,0,0,0.0,491.60869565217394,26.583333333333332,998.9090909090909,0,0,0,0,9,91630,0,13,0,477,28400,235,1,20,0,0,0,0,1.5334708942959465E15,64193.45044345847,1.533470894320931E15,1.533470894075029E15,NeedManualLabel
10.128.0.2-10.0.0.2-49597-80-6,10.128.0.2,49597,10.0.0.2,80,6,05/08/2018 05:38:14 PM,244823,11,10,363.0,10988.0,363.0,0.0,33.0,109.4486180817282,2816.0,0.0,1098.8,885.0602992640294,46364.10794737422,85.7762546819539,12241.149999999998,37445.790666782916,121814.0,5.0,244818.0,24481.799999999996,51413.04969622661,122214.0,16.0,123009.0,13667.666666666664,40523.29420839327,121729.0,11.0,0,0,0,0,300,328,44.93041911911871,40.84583556283519,0.0,2816.0,515.9545454545455,798.7719429744118,638036.6168831169,1,2,6,2,15,0,0,0,0.0,540.5238095238095,33.0,1098.8,0,0,0,0,8,92343,0,17,0,523,28400,235,1,20,0,0,0,0,1.5334708945382918E15,67004.77141998177,1.533470894565872E15,1.533470894321098E15,NeedManualLabel
10.128.0.2-10.0.0.2-49598-80-6,10.128.0.2,49598,10.0.0.2,80,6,05/08/2018 05:38:14 PM,245479,12,11,363.0,10988.0,363.0,0.0,30.25,104.78907385791707,1408.0,0.0,998.9090909090909,646.7347917880179,46240.20792002574,93.694368968425,11158.136363636366,35900.7405976076,122200.0,5.0,245474.0,22315.81818181818,49463.96188502935,122486.0,21.0,123279.0,12327.9,38550.210307684014,122043.0,16.0,0,0,0,0,344,360,48.884018592221736,44.81035037620326,0.0,1408.0,472.95833333333337,656.8002461980333,431386.5634057971,1,2,5,2,18,0,0,0,0.0,493.5217391304348,30.25,998.9090909090909,0,0,0,0,9,92156,0,15,0,477,28400,235,1,20,0,0,0,0,1.53347089478629E15,64075.66295364531,1.533470894811234E15,1.533470894565822E15,NeedManualLabel
10.128.0.2-10.0.0.2-49599-80-6,10.128.0.2,49599,10.0.0.2,80,6,05/08/2018 05:38:14 PM,245598,12,11,340.0,10988.0,340.0,0.0,28.333333333333336,98.14954576223637,1408.0,0.0,998.9090909090909,646.7347917880179,46124.154105489455,93.6489710828264,11163.545454545456,35896.647857461525,122190.0,3.0,245595.0,22326.818181818184,49491.9580978934,122627.0,9.0,123408.0,12340.800000000001,38541.973647209896,122032.0,11.0,0,0,0,0,332,360,48.86033273886595,44.78863834396046,0.0,1408.0,472.0,656.9844151417371,431628.5217391304,1,2,6,2,17,0,0,0,0.0,492.5217391304348,28.333333333333332,998.9090909090909,0,0,0,0,9,91865,0,14,0,477,28400,235,1,20,0,0,0,0,1.533470895032011E15,64110.455369445976,1.533470895056977E15,1.533470894811439E15,NeedManualLabel
10.128.0.2-10.0.0.2-49600-80-6,10.128.0.2,49600,10.0.0.2,80,6,05/08/2018 05:38:15 PM,246034,12,11,340.0,10988.0,340.0,0.0,28.333333333333336,98.14954576223637,1408.0,0.0,998.9090909090909,646.7347917880179,46042.416901729026,93.48301454270548,11183.363636363636,35982.87719715145,122605.0,2.0,246032.0,22366.545454545456,49613.87518298411,122791.0,13.0,123429.0,12342.9,38596.4377730208,122189.0,6.0,0,0,0,0,344,360,48.77374671793329,44.70926782477218,0.0,1408.0,472.0,656.9844151417371,431628.5217391304,1,2,5,2,18,0,0,0,0.0,492.5217391304348,28.333333333333332,998.9090909090909,0,0,0,0,9,91845,0,14,0,477,28400,235,1,20,0,0,0,0,1.533470895277887E15,64206.371733884225,1.533470895302846E15,1.533470895056857E15,NeedManualLabel
10.128.0.2-10.0.0.2-49601-80-6,10.128.0.2,49601,10.0.0.2,80,6,05/08/2018 05:38:15 PM,244618,11,10,366.0,10988.0,366.0,0.0,33.272727272727266,110.35315211546148,2816.0,0.0,1098.8,885.0602992640295,46415.22700700684,85.84813873059218,12230.899999999998,37414.631470786095,121820.0,6.0,244610.0,24461.0,51370.4788808168,122001.0,16.0,122798.0,13644.222222222226,40458.9822004267,121534.0,19.0,0,0,0,0,300,328,44.96807266840543,40.880066062186756,0.0,2816.0,516.0909090909091,798.7448432855919,637993.3246753247,1,2,6,2,15,0,0,0,0.0,540.6666666666666,33.27272727272727,1098.8,0,0,0,0,8,92543,0,17,0,523,28400,235,1,20,0,0,0,0,1.5334708955199898E15,66939.20864789626,1.533470895547502E15,1.533470895302943E15,NeedManualLabel
10.128.0.2-10.0.0.2-49602-80-6,10.128.0.2,49602,10.0.0.2,80,6,05/08/2018 05:38:15 PM,244528,12,11,366.0,10988.0,366.0,0.0,30.499999999999993,105.65509926170151,1408.0,0.0,998.9090909090909,646.7347917880179,46432.310410259764,94.05875809723221,11114.909090909092,35755.10383935097,121587.0,7.0,244521.0,22229.181818181816,49253.21429067992,122066.0,53.0,122941.0,12294.100000000002,38435.87960472466,121684.0,18.0,0,0,0,0,332,360,49.0741346594255,44.98462343780671,0.0,1408.0,473.08333333333326,656.7786945563843,431358.25362318836,1,2,6,2,17,0,0,0,0.0,493.6521739130435,30.5,998.9090909090909,0,0,0,0,9,92446,0,15,0,477,28400,235,1,20,0,0,0,0,1.5334708957672615E15,63853.04555758338,1.533470895792111E15,1.533470895547665E15,NeedManualLabel
10.128.0.2-10.0.0.2-49603-80-6,10.128.0.2,49603,10.0.0.2,80,6,05/08/2018 05:38:15 PM,243082,12,11,342.0,10988.0,342.0,0.0,28.500000000000004,98.72689603142601,1408.0,0.0,998.9090909090909,646.7347917880179,46609.78599814055,94.61827696003817,11049.18181818182,35511.86554437204,120928.0,8.0,243060.0,22096.363636363636,48930.70979307929,121161.0,28.0,122154.0,12215.4,38113.63169727539,120688.0,31.0,0,0,0,0,320,360,49.36605754436775,45.25221941567043,0.0,1408.0,472.08333333333337,656.9670706238311,431605.7318840579,1,2,7,2,16,0,0,0,0.0,492.60869565217394,28.5,998.9090909090909,0,0,0,0,9,92840,0,14,0,477,28400,235,1,20,0,0,0,0,1.5334708960105395E15,63422.642479366965,1.533470896035337E15,1.533470895792333E15,NeedManualLabel
10.128.0.2-10.0.0.2-49604-80-6,10.128.0.2,49604,10.0.0.2,80,6,05/08/2018 05:38:16 PM,243205,12,11,342.0,10988.0,342.0,0.0,28.500000000000004,98.72689603142601,1408.0,0.0,998.9090909090909,646.7347917880179,46586.21327686519,94.57042412779343,11054.772727272728,35557.90978501437,120994.0,4.0,243191.0,22108.272727272728,48988.62096873295,121350.0,9.0,122211.0,12221.1,38196.98573462455,120931.0,23.0,0,0,0,0,320,360,49.341090849283525,45.2293332785099,0.0,1408.0,472.08333333333337,656.9670706238311,431605.7318840579,1,2,7,2,16,0,0,0,0.0,492.60869565217394,28.5,998.9090909090909,0,0,0,0,9,92801,0,14,0,477,28400,235,1,20,0,0,0,0,1.53347089625351E15,63486.944018442744,1.533470896278248E15,1.533470896035112E15,NeedManualLabel
10.128.0.2-10.0.0.2-49605-80-6,10.128.0.2,49605,10.0.0.2,80,6,05/08/2018 05:38:16 PM,244274,12,11,363.0,10988.0,363.0,0.0,30.25,104.78907385791707,1408.0,0.0,998.9090909090909,646.7347917880179,46468.31017627746,94.15656189361128,11103.363636363636,35713.668445869174,121621.0,5.0,244269.0,22206.272727272728,49226.90955989601,121892.0,36.0,122653.0,12265.300000000001,38329.88952661124,121353.0,15.0,0,0,0,0,320,360,49.12516272710153,45.03139916650974,0.0,1408.0,472.95833333333337,656.8002461980333,431386.56340579706,1,2,7,2,16,0,0,0,0.0,493.5217391304348,30.25,998.9090909090909,0,0,0,0,9,92624,0,15,0,477,28400,235,1,20,0,0,0,0,1.5334708964976648E15,63770.69505855867,1.533470896522432E15,1.533470896278219E15,NeedManualLabel
10.128.0.2-10.0.0.2-49606-80-6,10.128.0.2,49606,10.0.0.2,80,6,05/08/2018 05:38:16 PM,246470,10,10,363.0,10988.0,363.0,0.0,36.3,114.79067906411218,2816.0,0.0,1098.8,885.0602992640293,46054.2865257435,81.14577839087922,12972.105263157895,38601.973757675965,122758.0,5.0,246465.0,27385.0,54142.29999963061,122973.0,77.0,123712.0,13745.77777777778,40737.922194123305,122379.0,16.0,0,0,0,0,292,328,40.57288919543961,40.57288919543961,0.0,2816.0,540.5238095238095,809.9346652074856,655994.1619047618,1,2,4,2,16,0,0,0,1.0,567.55,36.3,1098.8,0,0,0,0,8,91848,0,18,0,549,28400,235,1,20,0,0,0,0,1.533470896739578E15,69120.0175274543,1.533470896768945E15,1.53347089652254E15,NeedManualLabel
10.128.0.2-10.0.0.2-49607-80-6,10.128.0.2,49607,10.0.0.2,80,6,05/08/2018 05:38:16 PM,246003,12,11,376.0,10988.0,376.0,0.0,31.33333333333334,108.54185060764964,1408.0,0.0,998.9090909090909,646.7347917880179,46194.558602943864,93.49479477892547,11181.954545454546,35935.514831930974,122346.0,5.0,245998.0,22363.454545454548,49536.10530383598,122725.0,53.0,123657.0,12365.7,38577.80752669424,122159.0,15.0,0,0,0,0,332,360,48.77989292813502,44.71490185079044,0.0,1408.0,473.49999999999994,656.7109747429429,431269.3043478261,1,2,6,2,17,0,0,0,0.0,494.0869565217391,31.333333333333332,998.9090909090909,0,0,0,0,9,91978,0,16,0,477,28400,235,1,20,0,0,0,0,1.533470896990039E15,64192.71748428941,1.533470897015117E15,1.53347089676918E15,NeedManualLabel
10.128.0.2-10.0.0.2-49608-80-6,10.128.0.2,49608,10.0.0.2,80,6,05/08/2018 05:38:17 PM,244222,5,3,376.0,1408.0,376.0,0.0,75.2,168.15231190798417,1408.0,0.0,469.3333333333333,812.909179018993,7304.829212765435,32.75708167159388,34888.85714285714,59278.62350917789,121728.0,29.0,244222.0,61055.5,70321.47277799767,122146.0,66.0,122220.0,61110.0,85690.02817131058,121702.0,518.0,0,0,0,0,168,104,20.473176044746175,12.283905626847705,0.0,1408.0,198.2222222222222,470.4003023430623,221276.44444444444,1,2,0,1,7,0,0,0,0.0,223.0,75.2,469.3333333333333,0,0,0,0,0,0,0,47,0,176,28400,235,1,32,0,0,0,0,1.5334708971611435E15,101769.71738198762,1.533470897258402E15,1.53347089701498E15,NeedManualLabel
10.0.0.2-10.128.0.2-80-49608-6,10.0.0.2,80,10.128.0.2,49608,6,05/08/2018 05:38:17 PM,462,8,7,9580.0,0.0,1408.0,0.0,1197.5,493.40768422993057,0.0,0.0,0.0,0.0,2.0735930735930737E7,32467.532467532466,32.99999999999999,33.93205881441053,101.0,2.0,462.0,66.0,35.42127421009395,117.0,10.0,444.0,74.0,26.773120849090418,111.0,37.0,0,0,0,0,256,140,17316.017316017314,15151.515151515152,0.0,1408.0,686.7500000000001,712.3979693027394,507510.86666666676,1,0,7,1,8,0,0,0,0.0,732.5333333333333,1197.5,0.0,0,0,0,0,7,21194690,0,638,0,0,235,0,6,32,0,0,0,0,1.5334708972594238E15,125.05134084126152,1.533470897259631E15,1.533470897259212E15,NeedManualLabel
